
BEGIN TRANSACTION;

CREATE TABLE drink_info( 
    drink_id TEXT PRIMARY KEY,
    type TEXT
);

CREATE TABLE has_on_menu ( 
    bar TEXT,
    drink_id TEXT,
    price REAL,

    CONSTRAINT has_on_menu_pk
        PRIMARY KEY (bar, drink_id),

    CONSTRAINT has_on_menu_fk
        FOREIGN KEY (drink_id)
            REFERENCES drink_info(drink_id)
);

CREATE TABLE Orders(
    person TEXT,
    date TEXT,
    bar TEXT,
    drink_id TEXT,
    quantity INTEGER,

    CONSTRAINT Orders_pk
        PRIMARY KEY (person, date, drink_id),
    
    CONSTRAINT Orders_fk
        FOREIGN KEY (drink_id)
            REFERENCES drink_info(drink_id)
);

INSERT INTO drink_info VALUES('drink 1','cocktail');
INSERT INTO drink_info VALUES('drink 2','wine');
INSERT INTO drink_info VALUES('drink 3','rum');
INSERT INTO drink_info VALUES('drink 4','cocktail');
INSERT INTO drink_info VALUES('drink 5','cocktail');
INSERT INTO drink_info VALUES('drink 6','wine');
INSERT INTO drink_info VALUES('drink 7','cocktail');
INSERT INTO drink_info VALUES('drink 8','whisky');
INSERT INTO drink_info VALUES('drink 9','rum');
INSERT INTO drink_info VALUES('drink 10','wine');
INSERT INTO drink_info VALUES('drink 11','wine');
INSERT INTO drink_info VALUES('drink 12','vodka');
INSERT INTO drink_info VALUES('drink 13','whisky');
INSERT INTO drink_info VALUES('drink 14','soda');
INSERT INTO drink_info VALUES('drink 15','vodka');
INSERT INTO drink_info VALUES('drink 16','wine');
INSERT INTO drink_info VALUES('drink 17','wine');
INSERT INTO drink_info VALUES('drink 18','cocktail');
INSERT INTO drink_info VALUES('drink 19','vodka');
INSERT INTO drink_info VALUES('drink 20','whisky');
INSERT INTO drink_info VALUES('drink 21','whisky');
INSERT INTO drink_info VALUES('drink 22','rum');
INSERT INTO drink_info VALUES('drink 23','beer');
INSERT INTO drink_info VALUES('drink 24','cocktail');
INSERT INTO drink_info VALUES('drink 25','soda');
INSERT INTO drink_info VALUES('drink 26','vodka');
INSERT INTO drink_info VALUES('drink 27','beer');
INSERT INTO drink_info VALUES('drink 28','whisky');
INSERT INTO drink_info VALUES('drink 29','rum');
INSERT INTO drink_info VALUES('drink 30','wine');
INSERT INTO drink_info VALUES('drink 31','rum');
INSERT INTO drink_info VALUES('drink 32','cocktail');
INSERT INTO drink_info VALUES('drink 33','beer');
INSERT INTO drink_info VALUES('drink 34','whisky');
INSERT INTO drink_info VALUES('drink 35','vodka');
INSERT INTO drink_info VALUES('drink 36','whisky');
INSERT INTO drink_info VALUES('drink 37','wine');
INSERT INTO drink_info VALUES('drink 38','beer');
INSERT INTO drink_info VALUES('drink 39','rum');
INSERT INTO drink_info VALUES('drink 40','whisky');
INSERT INTO drink_info VALUES('drink 41','vodka');
INSERT INTO drink_info VALUES('drink 42','whisky');
INSERT INTO drink_info VALUES('drink 43','soda');
INSERT INTO drink_info VALUES('drink 44','vodka');
INSERT INTO drink_info VALUES('drink 45','vodka');
INSERT INTO drink_info VALUES('drink 46','beer');
INSERT INTO drink_info VALUES('drink 47','whisky');
INSERT INTO drink_info VALUES('drink 48','wine');
INSERT INTO drink_info VALUES('drink 49','cocktail');
INSERT INTO drink_info VALUES('drink 50','beer');

-- has_on_menu
INSERT INTO has_on_menu VALUES('bar 1','drink 40',60.820202879840508103);
INSERT INTO has_on_menu VALUES('bar 1','drink 4',17.112810402177274227);
INSERT INTO has_on_menu VALUES('bar 1','drink 6',313.76756039960311817);
INSERT INTO has_on_menu VALUES('bar 1','drink 44',65.825480625499039888);
INSERT INTO has_on_menu VALUES('bar 1','drink 47',61.203575094696134328);
INSERT INTO has_on_menu VALUES('bar 1','drink 12',36.172087991144508123);
INSERT INTO has_on_menu VALUES('bar 1','drink 41',30.847929234150797128);
INSERT INTO has_on_menu VALUES('bar 2','drink 32',18.345350059680640697);
INSERT INTO has_on_menu VALUES('bar 2','drink 33',7.5458051683381199836);
INSERT INTO has_on_menu VALUES('bar 2','drink 39',6.4497588458471000194);
INSERT INTO has_on_menu VALUES('bar 2','drink 48',244.44094120524821889);
INSERT INTO has_on_menu VALUES('bar 2','drink 1',24.511660570278763771);
INSERT INTO has_on_menu VALUES('bar 3','drink 13',52.187310544541105628);
INSERT INTO has_on_menu VALUES('bar 3','drink 43',7.0877079505007714033);
INSERT INTO has_on_menu VALUES('bar 3','drink 46',4.6341611063107848167);
INSERT INTO has_on_menu VALUES('bar 3','drink 37',351.70374504057688724);
INSERT INTO has_on_menu VALUES('bar 3','drink 48',417.72968690097336263);
INSERT INTO has_on_menu VALUES('bar 3','drink 47',36.436050228076055645);
INSERT INTO has_on_menu VALUES('bar 3','drink 21',38.887950221542268991);
INSERT INTO has_on_menu VALUES('bar 4','drink 19',93.547081735450774431);
INSERT INTO has_on_menu VALUES('bar 4','drink 41',34.621814186684787273);
INSERT INTO has_on_menu VALUES('bar 4','drink 40',65.864702330436557531);
INSERT INTO has_on_menu VALUES('bar 4','drink 38',6.5183775648474693298);
INSERT INTO has_on_menu VALUES('bar 4','drink 45',93.097717298660427331);
INSERT INTO has_on_menu VALUES('bar 4','drink 24',20.268372376449406147);
INSERT INTO has_on_menu VALUES('bar 4','drink 4',18.850502916611731052);
INSERT INTO has_on_menu VALUES('bar 4','drink 28',61.239255615510046482);
INSERT INTO has_on_menu VALUES('bar 5','drink 38',8.4571439465507864952);
INSERT INTO has_on_menu VALUES('bar 5','drink 25',7.172601338941603899);
INSERT INTO has_on_menu VALUES('bar 5','drink 16',468.4320961767807212);
INSERT INTO has_on_menu VALUES('bar 5','drink 1',25.637668436393141746);
INSERT INTO has_on_menu VALUES('bar 5','drink 20',63.057655581505969166);
INSERT INTO has_on_menu VALUES('bar 5','drink 8',30.865979228401556611);
INSERT INTO has_on_menu VALUES('bar 6','drink 28',55.271910273004323244);
INSERT INTO has_on_menu VALUES('bar 6','drink 7',12.447998379357159137);
INSERT INTO has_on_menu VALUES('bar 6','drink 9',15.327792656607925891);
INSERT INTO has_on_menu VALUES('bar 7','drink 15',47.559167791623622179);
INSERT INTO has_on_menu VALUES('bar 7','drink 14',7.4672194356098771095);
INSERT INTO has_on_menu VALUES('bar 7','drink 28',91.364476543385535478);
INSERT INTO has_on_menu VALUES('bar 7','drink 19',99.879078471567481756);
INSERT INTO has_on_menu VALUES('bar 8','drink 40',45.605074794730171561);
INSERT INTO has_on_menu VALUES('bar 8','drink 21',20.286419644253328442);
INSERT INTO has_on_menu VALUES('bar 8','drink 30',263.50760182598604863);
INSERT INTO has_on_menu VALUES('bar 8','drink 37',6.0137408957816660404);
INSERT INTO has_on_menu VALUES('bar 8','drink 46',4.1823842870071530342);
INSERT INTO has_on_menu VALUES('bar 9','drink 4',26.487211599014699459);
INSERT INTO has_on_menu VALUES('bar 9','drink 44',99.061463396064937114);
INSERT INTO has_on_menu VALUES('bar 9','drink 34',74.957023817114531993);
INSERT INTO has_on_menu VALUES('bar 9','drink 27',9.0211243932135403156);
INSERT INTO has_on_menu VALUES('bar 10','drink 12',41.910334436688572168);
INSERT INTO has_on_menu VALUES('bar 10','drink 27',8.6936675566248595714);
INSERT INTO has_on_menu VALUES('bar 10','drink 30',206.86078639794143185);
INSERT INTO has_on_menu VALUES('bar 10','drink 43',6.4404451665468513965);
INSERT INTO has_on_menu VALUES('bar 10','drink 26',32.379651528317481279);
INSERT INTO has_on_menu VALUES('bar 10','drink 5',19.223689949139952659);
INSERT INTO has_on_menu VALUES('bar 10','drink 16',108.49987548217177035);
INSERT INTO has_on_menu VALUES('bar 11','drink 38',6.2423095745034515857);
INSERT INTO has_on_menu VALUES('bar 11','drink 42',46.720566569129005074);
INSERT INTO has_on_menu VALUES('bar 11','drink 4',22.640804043039679527);
INSERT INTO has_on_menu VALUES('bar 11','drink 32',17.716376930475234985);
INSERT INTO has_on_menu VALUES('bar 11','drink 26',43.840341444592922925);
INSERT INTO has_on_menu VALUES('bar 11','drink 15',52.214954874943941831);
INSERT INTO has_on_menu VALUES('bar 12','drink 37',443.17386074643581039);
INSERT INTO has_on_menu VALUES('bar 12','drink 1',26.844802331179380416);
INSERT INTO has_on_menu VALUES('bar 12','drink 34',50.326409186236560344);
INSERT INTO has_on_menu VALUES('bar 12','drink 26',87.939055073074996471);
INSERT INTO has_on_menu VALUES('bar 13','drink 37',289.89556255424396624);
INSERT INTO has_on_menu VALUES('bar 13','drink 10',411.31097962846983051);
INSERT INTO has_on_menu VALUES('bar 13','drink 32',26.302808295004069805);
INSERT INTO has_on_menu VALUES('bar 13','drink 31',18.091902955202385783);
INSERT INTO has_on_menu VALUES('bar 13','drink 23',7.200939747504889965);
INSERT INTO has_on_menu VALUES('bar 14','drink 45',57.028461145237088203);
INSERT INTO has_on_menu VALUES('bar 14','drink 37',304.0541623826138462);
INSERT INTO has_on_menu VALUES('bar 14','drink 6',6.2838086690753698348);
INSERT INTO has_on_menu VALUES('bar 14','drink 31',6.7057929001748561859);
INSERT INTO has_on_menu VALUES('bar 14','drink 44',93.122054715640842914);
INSERT INTO has_on_menu VALUES('bar 15','drink 10',144.24811999360098724);
INSERT INTO has_on_menu VALUES('bar 15','drink 13',53.235630671260878443);
INSERT INTO has_on_menu VALUES('bar 15','drink 1',25.871600573882460594);
INSERT INTO has_on_menu VALUES('bar 15','drink 2',206.5762253939174009);
INSERT INTO has_on_menu VALUES('bar 15','drink 32',25.037375665269792079);
INSERT INTO has_on_menu VALUES('bar 16','drink 17',478.06815632339567656);
INSERT INTO has_on_menu VALUES('bar 16','drink 14',8.2596851710695773363);
INSERT INTO has_on_menu VALUES('bar 16','drink 49',27.076269071549177169);
INSERT INTO has_on_menu VALUES('bar 16','drink 50',5.022655104286968708);
INSERT INTO has_on_menu VALUES('bar 16','drink 6',298.16086623910816655);
INSERT INTO has_on_menu VALUES('bar 16','drink 19',62.190537310671061277);
INSERT INTO has_on_menu VALUES('bar 16','drink 39',17.452428835676982998);
INSERT INTO has_on_menu VALUES('bar 16','drink 34',74.684344551060348749);
INSERT INTO has_on_menu VALUES('bar 17','drink 23',4.9473256538622081279);
INSERT INTO has_on_menu VALUES('bar 17','drink 28',23.555515306070446968);
INSERT INTO has_on_menu VALUES('bar 17','drink 2',302.8571365196258025);
INSERT INTO has_on_menu VALUES('bar 17','drink 44',97.958824648521840572);
INSERT INTO has_on_menu VALUES('bar 18','drink 37',232.95805541472507371);
INSERT INTO has_on_menu VALUES('bar 18','drink 35',79.208398836199194192);
INSERT INTO has_on_menu VALUES('bar 18','drink 43',3.4778854849282652139);
INSERT INTO has_on_menu VALUES('bar 19','drink 1',11.775652277283370494);
INSERT INTO has_on_menu VALUES('bar 19','drink 9',18.195812245830893516);
INSERT INTO has_on_menu VALUES('bar 19','drink 42',34.507181382505223155);
INSERT INTO has_on_menu VALUES('bar 19','drink 8',17.268678812542930245);
INSERT INTO has_on_menu VALUES('bar 19','drink 3',17.415954044554382562);
INSERT INTO has_on_menu VALUES('bar 19','drink 5',10.183324781246483325);
INSERT INTO has_on_menu VALUES('bar 20','drink 38',7.9612732105888426303);
INSERT INTO has_on_menu VALUES('bar 20','drink 39',9.1530135797802358865);
INSERT INTO has_on_menu VALUES('bar 20','drink 50',6.5436735912226140499);
INSERT INTO has_on_menu VALUES('bar 20','drink 12',64.098752117715775966);
INSERT INTO has_on_menu VALUES('bar 20','drink 33',8.007991946768015623);
INSERT INTO has_on_menu VALUES('bar 20','drink 11',423.31424093013625409);

-- ORDERS
INSERT INTO Orders VALUES('person 1','2016-10-16','bar 9','drink 4',1);
INSERT INTO Orders VALUES('person 1','2016-10-16','bar 9','drink 44',1);
INSERT INTO Orders VALUES('person 1','2016-10-22','bar 19','drink 1',4);
INSERT INTO Orders VALUES('person 1','2016-10-22','bar 19','drink 9',1);
INSERT INTO Orders VALUES('person 1','2016-10-22','bar 19','drink 42',2);
INSERT INTO Orders VALUES('person 1','2016-10-01','bar 18','drink 43',1);
INSERT INTO Orders VALUES('person 1','2016-10-05','bar 14','drink 37',1);
INSERT INTO Orders VALUES('person 1','2016-10-05','bar 14','drink 6',2);
INSERT INTO Orders VALUES('person 2','2016-10-26','bar 19','drink 9',1);
INSERT INTO Orders VALUES('person 2','2016-10-26','bar 19','drink 42',1);
INSERT INTO Orders VALUES('person 2','2016-10-05','bar 17','drink 23',2);
INSERT INTO Orders VALUES('person 2','2016-10-05','bar 17','drink 2',4);
INSERT INTO Orders VALUES('person 2','2016-10-29','bar 11','drink 38',1);
INSERT INTO Orders VALUES('person 2','2016-10-29','bar 11','drink 42',1);
INSERT INTO Orders VALUES('person 2','2016-10-29','bar 11','drink 4',19);
INSERT INTO Orders VALUES('person 2','2016-10-06','bar 5','drink 38',5);
INSERT INTO Orders VALUES('person 2','2016-10-06','bar 5','drink 25',10);
INSERT INTO Orders VALUES('person 2','2016-10-24','bar 13','drink 37',3);
INSERT INTO Orders VALUES('person 2','2016-10-24','bar 13','drink 10',4);
INSERT INTO Orders VALUES('person 2','2016-10-24','bar 13','drink 32',5);
INSERT INTO Orders VALUES('person 2','2016-10-21','bar 19','drink 1',2);
INSERT INTO Orders VALUES('person 2','2016-10-21','bar 19','drink 9',2);
INSERT INTO Orders VALUES('person 2','2016-10-21','bar 19','drink 42',1);
INSERT INTO Orders VALUES('person 3','2016-10-12','bar 13','drink 37',1);
INSERT INTO Orders VALUES('person 3','2016-10-12','bar 13','drink 10',1);
INSERT INTO Orders VALUES('person 3','2016-10-12','bar 13','drink 32',2);
INSERT INTO Orders VALUES('person 3','2016-10-03','bar 6','drink 28',1);
INSERT INTO Orders VALUES('person 3','2016-10-03','bar 6','drink 7',1);
INSERT INTO Orders VALUES('person 3','2016-10-03','bar 6','drink 9',1);
INSERT INTO Orders VALUES('person 3','2016-10-15','bar 2','drink 33',6);
INSERT INTO Orders VALUES('person 3','2016-10-08','bar 17','drink 23',2);
INSERT INTO Orders VALUES('person 3','2016-10-08','bar 17','drink 28',1);
INSERT INTO Orders VALUES('person 3','2016-10-08','bar 17','drink 2',2);
INSERT INTO Orders VALUES('person 3','2016-10-24','bar 20','drink 38',3);
INSERT INTO Orders VALUES('person 3','2016-10-24','bar 20','drink 39',2);
INSERT INTO Orders VALUES('person 3','2016-10-24','bar 20','drink 50',11);
INSERT INTO Orders VALUES('person 3','2016-10-10','bar 7','drink 15',1);
INSERT INTO Orders VALUES('person 3','2016-10-10','bar 7','drink 14',5);
INSERT INTO Orders VALUES('person 3','2016-10-10','bar 7','drink 28',1);
INSERT INTO Orders VALUES('person 3','2016-10-26','bar 15','drink 10',2);
INSERT INTO Orders VALUES('person 3','2016-10-26','bar 15','drink 13',1);
INSERT INTO Orders VALUES('person 3','2016-10-26','bar 15','drink 1',3);
INSERT INTO Orders VALUES('person 4','2016-10-26','bar 8','drink 40',4);
INSERT INTO Orders VALUES('person 4','2016-10-26','bar 8','drink 21',1);
INSERT INTO Orders VALUES('person 4','2016-10-07','bar 2','drink 33',2);
INSERT INTO Orders VALUES('person 4','2016-10-13','bar 5','drink 38',3);
INSERT INTO Orders VALUES('person 4','2016-10-13','bar 5','drink 25',1);
INSERT INTO Orders VALUES('person 4','2016-10-09','bar 8','drink 40',1);
INSERT INTO Orders VALUES('person 4','2016-10-28','bar 5','drink 38',1);
INSERT INTO Orders VALUES('person 4','2016-10-28','bar 5','drink 16',2);
INSERT INTO Orders VALUES('person 5','2016-10-21','bar 4','drink 19',1);
INSERT INTO Orders VALUES('person 5','2016-10-21','bar 4','drink 41',5);
INSERT INTO Orders VALUES('person 5','2016-10-21','bar 4','drink 40',1);
INSERT INTO Orders VALUES('person 5','2016-10-06','bar 15','drink 10',5);
INSERT INTO Orders VALUES('person 5','2016-10-25','bar 20','drink 39',8);
INSERT INTO Orders VALUES('person 5','2016-10-25','bar 20','drink 50',1);
INSERT INTO Orders VALUES('person 5','2016-10-22','bar 8','drink 21',1);
INSERT INTO Orders VALUES('person 5','2016-10-22','bar 8','drink 30',1);
INSERT INTO Orders VALUES('person 5','2016-10-30','bar 3','drink 46',16);
INSERT INTO Orders VALUES('person 5','2016-10-19','bar 14','drink 45',4);
INSERT INTO Orders VALUES('person 5','2016-10-19','bar 14','drink 37',3);
INSERT INTO Orders VALUES('person 5','2016-10-19','bar 14','drink 6',7);
INSERT INTO Orders VALUES('person 5','2016-10-14','bar 19','drink 9',8);
INSERT INTO Orders VALUES('person 5','2016-10-14','bar 19','drink 42',8);
INSERT INTO Orders VALUES('person 5','2016-10-20','bar 17','drink 23',4);
INSERT INTO Orders VALUES('person 5','2016-10-20','bar 17','drink 28',3);
INSERT INTO Orders VALUES('person 5','2016-10-20','bar 17','drink 2',8);
INSERT INTO Orders VALUES('person 5','2016-10-07','bar 16','drink 14',1);
INSERT INTO Orders VALUES('person 5','2016-10-07','bar 16','drink 49',2);
INSERT INTO Orders VALUES('person 6','2016-10-07','bar 5','drink 38',2);
INSERT INTO Orders VALUES('person 6','2016-10-07','bar 5','drink 25',7);
INSERT INTO Orders VALUES('person 6','2016-10-07','bar 5','drink 16',2);
INSERT INTO Orders VALUES('person 6','2016-10-29','bar 11','drink 38',3);
INSERT INTO Orders VALUES('person 6','2016-10-29','bar 11','drink 42',2);
INSERT INTO Orders VALUES('person 6','2016-10-29','bar 11','drink 4',1);
INSERT INTO Orders VALUES('person 6','2016-10-06','bar 6','drink 28',3);
INSERT INTO Orders VALUES('person 6','2016-10-06','bar 6','drink 9',2);
INSERT INTO Orders VALUES('person 6','2016-10-16','bar 18','drink 37',1);
INSERT INTO Orders VALUES('person 6','2016-10-16','bar 18','drink 35',10);
INSERT INTO Orders VALUES('person 6','2016-10-16','bar 18','drink 43',1);
INSERT INTO Orders VALUES('person 6','2016-10-04','bar 20','drink 38',1);
INSERT INTO Orders VALUES('person 6','2016-10-04','bar 20','drink 50',4);
INSERT INTO Orders VALUES('person 6','2016-10-01','bar 11','drink 38',8);
INSERT INTO Orders VALUES('person 6','2016-10-01','bar 11','drink 42',3);
INSERT INTO Orders VALUES('person 6','2016-10-01','bar 11','drink 4',1);
INSERT INTO Orders VALUES('person 7','2016-10-27','bar 1','drink 40',1);
INSERT INTO Orders VALUES('person 7','2016-10-27','bar 1','drink 4',8);
INSERT INTO Orders VALUES('person 7','2016-10-27','bar 1','drink 6',2);
INSERT INTO Orders VALUES('person 7','2016-10-26','bar 3','drink 13',2);
INSERT INTO Orders VALUES('person 7','2016-10-26','bar 3','drink 43',4);
INSERT INTO Orders VALUES('person 7','2016-10-26','bar 3','drink 46',4);
INSERT INTO Orders VALUES('person 7','2016-10-10','bar 14','drink 37',1);
INSERT INTO Orders VALUES('person 7','2016-10-10','bar 14','drink 6',3);
INSERT INTO Orders VALUES('person 7','2016-10-30','bar 7','drink 15',2);
INSERT INTO Orders VALUES('person 7','2016-10-30','bar 7','drink 14',1);
INSERT INTO Orders VALUES('person 7','2016-10-30','bar 7','drink 28',2);
INSERT INTO Orders VALUES('person 8','2016-10-11','bar 15','drink 13',2);
INSERT INTO Orders VALUES('person 8','2016-10-11','bar 15','drink 1',13);
INSERT INTO Orders VALUES('person 8','2016-10-23','bar 19','drink 1',1);
INSERT INTO Orders VALUES('person 8','2016-10-23','bar 19','drink 9',1);
INSERT INTO Orders VALUES('person 8','2016-10-31','bar 14','drink 45',1);
INSERT INTO Orders VALUES('person 8','2016-10-31','bar 14','drink 37',2);
INSERT INTO Orders VALUES('person 8','2016-10-03','bar 2','drink 32',2);
INSERT INTO Orders VALUES('person 8','2016-10-03','bar 2','drink 39',2);
INSERT INTO Orders VALUES('person 8','2016-10-21','bar 8','drink 40',8);
INSERT INTO Orders VALUES('person 8','2016-10-21','bar 8','drink 30',3);
INSERT INTO Orders VALUES('person 8','2016-10-13','bar 8','drink 40',2);
INSERT INTO Orders VALUES('person 8','2016-10-13','bar 8','drink 21',3);
INSERT INTO Orders VALUES('person 8','2016-10-13','bar 8','drink 30',5);
INSERT INTO Orders VALUES('person 8','2016-10-08','bar 3','drink 13',2);
INSERT INTO Orders VALUES('person 8','2016-10-08','bar 3','drink 46',1);
INSERT INTO Orders VALUES('person 8','2016-10-10','bar 9','drink 4',1);
INSERT INTO Orders VALUES('person 8','2016-10-10','bar 9','drink 44',1);
INSERT INTO Orders VALUES('person 8','2016-10-10','bar 9','drink 34',1);
INSERT INTO Orders VALUES('person 8','2016-10-30','bar 11','drink 38',1);
INSERT INTO Orders VALUES('person 8','2016-10-30','bar 11','drink 4',6);
INSERT INTO Orders VALUES('person 9','2016-10-01','bar 12','drink 37',2);
INSERT INTO Orders VALUES('person 9','2016-10-01','bar 12','drink 1',2);
INSERT INTO Orders VALUES('person 9','2016-10-18','bar 18','drink 37',1);
INSERT INTO Orders VALUES('person 9','2016-10-18','bar 18','drink 35',1);
INSERT INTO Orders VALUES('person 9','2016-10-18','bar 18','drink 43',5);
INSERT INTO Orders VALUES('person 9','2016-10-24','bar 9','drink 44',7);
INSERT INTO Orders VALUES('person 9','2016-10-24','bar 9','drink 34',1);
INSERT INTO Orders VALUES('person 9','2016-10-31','bar 5','drink 38',1);
INSERT INTO Orders VALUES('person 9','2016-10-31','bar 5','drink 25',12);
INSERT INTO Orders VALUES('person 9','2016-10-31','bar 5','drink 16',3);
INSERT INTO Orders VALUES('person 9','2016-10-15','bar 19','drink 42',1);
INSERT INTO Orders VALUES('person 9','2016-10-19','bar 16','drink 17',4);
INSERT INTO Orders VALUES('person 9','2016-10-19','bar 16','drink 14',4);
INSERT INTO Orders VALUES('person 9','2016-10-19','bar 16','drink 49',3);
INSERT INTO Orders VALUES('person 9','2016-10-30','bar 12','drink 1',3);
INSERT INTO Orders VALUES('person 9','2016-10-21','bar 5','drink 38',8);
INSERT INTO Orders VALUES('person 9','2016-10-21','bar 5','drink 25',1);
INSERT INTO Orders VALUES('person 9','2016-10-21','bar 5','drink 16',1);
INSERT INTO Orders VALUES('person 9','2016-10-28','bar 17','drink 23',1);
INSERT INTO Orders VALUES('person 9','2016-10-28','bar 17','drink 28',2);
INSERT INTO Orders VALUES('person 9','2016-10-28','bar 17','drink 2',1);
INSERT INTO Orders VALUES('person 9','2016-10-13','bar 15','drink 10',4);
INSERT INTO Orders VALUES('person 9','2016-10-11','bar 15','drink 10',2);
INSERT INTO Orders VALUES('person 9','2016-10-11','bar 15','drink 1',1);
INSERT INTO Orders VALUES('person 9','2016-10-07','bar 17','drink 23',4);
INSERT INTO Orders VALUES('person 9','2016-10-07','bar 17','drink 28',2);
INSERT INTO Orders VALUES('person 10','2016-10-20','bar 19','drink 1',3);
INSERT INTO Orders VALUES('person 10','2016-10-20','bar 19','drink 9',2);
INSERT INTO Orders VALUES('person 10','2016-10-20','bar 19','drink 42',2);
INSERT INTO Orders VALUES('person 10','2016-10-08','bar 4','drink 41',1);
INSERT INTO Orders VALUES('person 10','2016-10-08','bar 4','drink 40',4);
INSERT INTO Orders VALUES('person 10','2016-10-29','bar 17','drink 23',1);
INSERT INTO Orders VALUES('person 10','2016-10-29','bar 17','drink 2',1);
INSERT INTO Orders VALUES('person 10','2016-10-17','bar 3','drink 13',3);
INSERT INTO Orders VALUES('person 10','2016-10-17','bar 3','drink 46',6);
INSERT INTO Orders VALUES('person 10','2016-10-09','bar 7','drink 15',4);
INSERT INTO Orders VALUES('person 10','2016-10-09','bar 7','drink 14',5);
INSERT INTO Orders VALUES('person 10','2016-10-09','bar 7','drink 28',2);
INSERT INTO Orders VALUES('person 10','2016-10-18','bar 12','drink 37',1);
INSERT INTO Orders VALUES('person 10','2016-10-18','bar 12','drink 34',4);
INSERT INTO Orders VALUES('person 10','2016-10-19','bar 5','drink 25',4);
INSERT INTO Orders VALUES('person 10','2016-10-19','bar 5','drink 16',6);
INSERT INTO Orders VALUES('person 10','2016-10-16','bar 19','drink 1',4);
INSERT INTO Orders VALUES('person 10','2016-10-16','bar 19','drink 9',1);
INSERT INTO Orders VALUES('person 10','2016-10-16','bar 19','drink 42',3);
INSERT INTO Orders VALUES('person 10','2016-10-24','bar 5','drink 16',2);
INSERT INTO Orders VALUES('person 10','2016-10-30','bar 1','drink 4',4);
INSERT INTO Orders VALUES('person 10','2016-10-30','bar 1','drink 6',3);
INSERT INTO Orders VALUES('person 10','2016-10-31','bar 19','drink 42',2);
INSERT INTO Orders VALUES('person 11','2016-10-07','bar 11','drink 42',2);
INSERT INTO Orders VALUES('person 11','2016-10-07','bar 11','drink 4',1);
INSERT INTO Orders VALUES('person 11','2016-10-29','bar 7','drink 15',3);
INSERT INTO Orders VALUES('person 11','2016-10-29','bar 7','drink 28',1);
INSERT INTO Orders VALUES('person 11','2016-10-02','bar 14','drink 45',2);
INSERT INTO Orders VALUES('person 11','2016-10-02','bar 14','drink 37',9);
INSERT INTO Orders VALUES('person 11','2016-10-02','bar 14','drink 6',1);
INSERT INTO Orders VALUES('person 11','2016-10-12','bar 19','drink 1',5);
INSERT INTO Orders VALUES('person 11','2016-10-12','bar 19','drink 9',2);
INSERT INTO Orders VALUES('person 12','2016-10-22','bar 14','drink 45',3);
INSERT INTO Orders VALUES('person 12','2016-10-22','bar 14','drink 6',2);
INSERT INTO Orders VALUES('person 12','2016-10-28','bar 6','drink 28',1);
INSERT INTO Orders VALUES('person 12','2016-10-28','bar 6','drink 7',1);
INSERT INTO Orders VALUES('person 12','2016-10-23','bar 4','drink 41',1);
INSERT INTO Orders VALUES('person 12','2016-10-03','bar 16','drink 14',1);
INSERT INTO Orders VALUES('person 12','2016-10-21','bar 13','drink 37',1);
INSERT INTO Orders VALUES('person 12','2016-10-11','bar 17','drink 23',3);
INSERT INTO Orders VALUES('person 12','2016-10-11','bar 17','drink 28',5);
INSERT INTO Orders VALUES('person 12','2016-10-11','bar 17','drink 2',2);
INSERT INTO Orders VALUES('person 12','2016-10-14','bar 13','drink 10',3);
INSERT INTO Orders VALUES('person 12','2016-10-27','bar 15','drink 10',7);
INSERT INTO Orders VALUES('person 12','2016-10-27','bar 15','drink 13',2);
INSERT INTO Orders VALUES('person 12','2016-10-25','bar 6','drink 28',8);
INSERT INTO Orders VALUES('person 12','2016-10-25','bar 6','drink 7',1);
INSERT INTO Orders VALUES('person 12','2016-10-25','bar 6','drink 9',1);
INSERT INTO Orders VALUES('person 12','2016-10-20','bar 5','drink 38',1);
INSERT INTO Orders VALUES('person 12','2016-10-20','bar 5','drink 16',7);
INSERT INTO Orders VALUES('person 12','2016-10-24','bar 4','drink 19',3);
INSERT INTO Orders VALUES('person 12','2016-10-24','bar 4','drink 41',1);
INSERT INTO Orders VALUES('person 12','2016-10-24','bar 4','drink 40',7);
INSERT INTO Orders VALUES('person 13','2016-10-26','bar 5','drink 38',2);
INSERT INTO Orders VALUES('person 13','2016-10-26','bar 5','drink 25',1);
INSERT INTO Orders VALUES('person 13','2016-10-26','bar 5','drink 16',5);
INSERT INTO Orders VALUES('person 13','2016-10-05','bar 13','drink 37',3);
INSERT INTO Orders VALUES('person 13','2016-10-22','bar 18','drink 37',2);
INSERT INTO Orders VALUES('person 13','2016-10-22','bar 18','drink 35',1);
INSERT INTO Orders VALUES('person 13','2016-10-22','bar 18','drink 43',2);
INSERT INTO Orders VALUES('person 13','2016-10-08','bar 9','drink 4',7);
INSERT INTO Orders VALUES('person 13','2016-10-18','bar 2','drink 33',2);
INSERT INTO Orders VALUES('person 13','2016-10-30','bar 9','drink 4',10);
INSERT INTO Orders VALUES('person 13','2016-10-25','bar 16','drink 14',4);
INSERT INTO Orders VALUES('person 13','2016-10-25','bar 16','drink 49',12);
INSERT INTO Orders VALUES('person 13','2016-10-09','bar 12','drink 1',2);
INSERT INTO Orders VALUES('person 13','2016-10-20','bar 18','drink 37',1);
INSERT INTO Orders VALUES('person 13','2016-10-20','bar 18','drink 35',2);
INSERT INTO Orders VALUES('person 13','2016-10-20','bar 18','drink 43',4);
INSERT INTO Orders VALUES('person 13','2016-10-19','bar 4','drink 19',2);
INSERT INTO Orders VALUES('person 13','2016-10-19','bar 4','drink 41',1);
INSERT INTO Orders VALUES('person 13','2016-10-19','bar 4','drink 40',8);
INSERT INTO Orders VALUES('person 13','2016-10-24','bar 5','drink 38',3);
INSERT INTO Orders VALUES('person 13','2016-10-24','bar 5','drink 25',2);
INSERT INTO Orders VALUES('person 13','2016-10-15','bar 11','drink 38',1);
INSERT INTO Orders VALUES('person 13','2016-10-15','bar 11','drink 4',7);
INSERT INTO Orders VALUES('person 13','2016-10-02','bar 20','drink 38',1);
INSERT INTO Orders VALUES('person 13','2016-10-02','bar 20','drink 39',1);
INSERT INTO Orders VALUES('person 13','2016-10-02','bar 20','drink 50',1);
INSERT INTO Orders VALUES('person 13','2016-10-14','bar 3','drink 13',4);
INSERT INTO Orders VALUES('person 13','2016-10-14','bar 3','drink 43',6);
INSERT INTO Orders VALUES('person 13','2016-10-14','bar 3','drink 46',3);
INSERT INTO Orders VALUES('person 13','2016-10-31','bar 5','drink 38',1);
INSERT INTO Orders VALUES('person 13','2016-10-31','bar 5','drink 25',3);
INSERT INTO Orders VALUES('person 13','2016-10-28','bar 4','drink 19',3);
INSERT INTO Orders VALUES('person 13','2016-10-28','bar 4','drink 41',3);
INSERT INTO Orders VALUES('person 13','2016-10-28','bar 4','drink 40',1);
INSERT INTO Orders VALUES('person 13','2016-10-23','bar 13','drink 37',3);
INSERT INTO Orders VALUES('person 13','2016-10-23','bar 13','drink 10',4);
INSERT INTO Orders VALUES('person 13','2016-10-04','bar 14','drink 45',4);
INSERT INTO Orders VALUES('person 13','2016-10-04','bar 14','drink 37',6);
INSERT INTO Orders VALUES('person 13','2016-10-04','bar 14','drink 6',1);
INSERT INTO Orders VALUES('person 14','2016-10-26','bar 20','drink 38',1);
INSERT INTO Orders VALUES('person 14','2016-10-26','bar 20','drink 39',2);
INSERT INTO Orders VALUES('person 14','2016-10-26','bar 20','drink 50',1);
INSERT INTO Orders VALUES('person 14','2016-10-25','bar 13','drink 37',1);
INSERT INTO Orders VALUES('person 14','2016-10-12','bar 4','drink 19',3);
INSERT INTO Orders VALUES('person 14','2016-10-12','bar 4','drink 41',1);
INSERT INTO Orders VALUES('person 14','2016-10-12','bar 4','drink 40',6);
INSERT INTO Orders VALUES('person 15','2016-10-03','bar 3','drink 43',1);
INSERT INTO Orders VALUES('person 15','2016-10-03','bar 3','drink 46',4);
INSERT INTO Orders VALUES('person 15','2016-10-18','bar 7','drink 15',1);
INSERT INTO Orders VALUES('person 15','2016-10-18','bar 7','drink 14',2);
INSERT INTO Orders VALUES('person 15','2016-10-18','bar 7','drink 28',1);
INSERT INTO Orders VALUES('person 15','2016-10-02','bar 20','drink 38',3);
INSERT INTO Orders VALUES('person 15','2016-10-02','bar 20','drink 39',10);
INSERT INTO Orders VALUES('person 15','2016-10-02','bar 20','drink 50',6);
INSERT INTO Orders VALUES('person 15','2016-10-28','bar 6','drink 7',4);
INSERT INTO Orders VALUES('person 15','2016-10-28','bar 6','drink 9',8);
INSERT INTO Orders VALUES('person 15','2016-10-13','bar 1','drink 40',2);
INSERT INTO Orders VALUES('person 15','2016-10-13','bar 1','drink 6',3);
INSERT INTO Orders VALUES('person 15','2016-10-19','bar 5','drink 38',1);
INSERT INTO Orders VALUES('person 15','2016-10-19','bar 5','drink 25',2);
INSERT INTO Orders VALUES('person 15','2016-10-19','bar 5','drink 16',2);
INSERT INTO Orders VALUES('person 15','2016-10-22','bar 20','drink 39',7);
INSERT INTO Orders VALUES('person 15','2016-10-12','bar 19','drink 9',3);
INSERT INTO Orders VALUES('person 15','2016-10-12','bar 19','drink 42',1);
INSERT INTO Orders VALUES('person 16','2016-10-15','bar 5','drink 38',2);
INSERT INTO Orders VALUES('person 16','2016-10-15','bar 5','drink 25',1);
INSERT INTO Orders VALUES('person 16','2016-10-15','bar 5','drink 16',4);
INSERT INTO Orders VALUES('person 16','2016-10-05','bar 14','drink 45',2);
INSERT INTO Orders VALUES('person 16','2016-10-05','bar 14','drink 37',2);
INSERT INTO Orders VALUES('person 16','2016-10-09','bar 10','drink 12',6);
INSERT INTO Orders VALUES('person 16','2016-10-09','bar 10','drink 27',1);
INSERT INTO Orders VALUES('person 16','2016-10-09','bar 10','drink 30',1);
INSERT INTO Orders VALUES('person 16','2016-10-30','bar 3','drink 13',1);
INSERT INTO Orders VALUES('person 16','2016-10-30','bar 3','drink 43',2);
INSERT INTO Orders VALUES('person 16','2016-10-30','bar 3','drink 46',1);
INSERT INTO Orders VALUES('person 16','2016-10-21','bar 12','drink 37',1);
INSERT INTO Orders VALUES('person 16','2016-10-21','bar 12','drink 34',4);
INSERT INTO Orders VALUES('person 16','2016-10-08','bar 5','drink 38',8);
INSERT INTO Orders VALUES('person 16','2016-10-08','bar 5','drink 25',1);
INSERT INTO Orders VALUES('person 16','2016-10-29','bar 8','drink 40',1);
INSERT INTO Orders VALUES('person 16','2016-10-17','bar 11','drink 38',8);
INSERT INTO Orders VALUES('person 16','2016-10-17','bar 11','drink 42',2);
INSERT INTO Orders VALUES('person 16','2016-10-17','bar 11','drink 4',6);
INSERT INTO Orders VALUES('person 17','2016-10-13','bar 11','drink 38',1);
INSERT INTO Orders VALUES('person 17','2016-10-13','bar 11','drink 42',5);
INSERT INTO Orders VALUES('person 17','2016-10-13','bar 11','drink 4',1);
INSERT INTO Orders VALUES('person 17','2016-10-05','bar 10','drink 12',1);
INSERT INTO Orders VALUES('person 17','2016-10-05','bar 10','drink 30',1);
INSERT INTO Orders VALUES('person 17','2016-10-17','bar 4','drink 40',3);
INSERT INTO Orders VALUES('person 17','2016-10-02','bar 11','drink 38',2);
INSERT INTO Orders VALUES('person 17','2016-10-02','bar 11','drink 42',3);
INSERT INTO Orders VALUES('person 17','2016-10-02','bar 11','drink 4',2);
INSERT INTO Orders VALUES('person 17','2016-10-30','bar 1','drink 6',1);
INSERT INTO Orders VALUES('person 17','2016-10-09','bar 4','drink 19',3);
INSERT INTO Orders VALUES('person 17','2016-10-09','bar 4','drink 41',1);
INSERT INTO Orders VALUES('person 17','2016-10-09','bar 4','drink 40',1);
INSERT INTO Orders VALUES('person 18','2016-10-08','bar 13','drink 37',1);
INSERT INTO Orders VALUES('person 18','2016-10-08','bar 13','drink 10',1);
INSERT INTO Orders VALUES('person 18','2016-10-08','bar 13','drink 32',2);
INSERT INTO Orders VALUES('person 18','2016-10-11','bar 18','drink 43',7);
INSERT INTO Orders VALUES('person 18','2016-10-13','bar 20','drink 38',1);
INSERT INTO Orders VALUES('person 18','2016-10-13','bar 20','drink 39',2);
INSERT INTO Orders VALUES('person 18','2016-10-31','bar 15','drink 1',1);
INSERT INTO Orders VALUES('person 18','2016-10-30','bar 18','drink 37',1);
INSERT INTO Orders VALUES('person 18','2016-10-12','bar 19','drink 9',1);
INSERT INTO Orders VALUES('person 18','2016-10-12','bar 19','drink 42',2);
INSERT INTO Orders VALUES('person 18','2016-10-04','bar 19','drink 1',1);
INSERT INTO Orders VALUES('person 18','2016-10-04','bar 19','drink 9',6);
INSERT INTO Orders VALUES('person 18','2016-10-04','bar 19','drink 42',1);
INSERT INTO Orders VALUES('person 18','2016-10-23','bar 17','drink 23',2);
INSERT INTO Orders VALUES('person 18','2016-10-23','bar 17','drink 28',1);
INSERT INTO Orders VALUES('person 19','2016-10-21','bar 10','drink 12',1);
INSERT INTO Orders VALUES('person 19','2016-10-28','bar 16','drink 49',3);
INSERT INTO Orders VALUES('person 19','2016-10-10','bar 6','drink 7',3);
INSERT INTO Orders VALUES('person 19','2016-10-10','bar 6','drink 9',4);
INSERT INTO Orders VALUES('person 19','2016-10-18','bar 7','drink 15',4);
INSERT INTO Orders VALUES('person 19','2016-10-18','bar 7','drink 14',2);
INSERT INTO Orders VALUES('person 19','2016-10-18','bar 7','drink 28',1);
INSERT INTO Orders VALUES('person 19','2016-10-24','bar 7','drink 14',1);
INSERT INTO Orders VALUES('person 19','2016-10-24','bar 7','drink 28',4);
INSERT INTO Orders VALUES('person 19','2016-10-04','bar 9','drink 4',5);
INSERT INTO Orders VALUES('person 19','2016-10-04','bar 9','drink 44',5);
INSERT INTO Orders VALUES('person 19','2016-10-04','bar 9','drink 34',3);
INSERT INTO Orders VALUES('person 19','2016-10-25','bar 18','drink 37',4);
INSERT INTO Orders VALUES('person 19','2016-10-17','bar 18','drink 37',1);
INSERT INTO Orders VALUES('person 19','2016-10-17','bar 18','drink 43',4);
INSERT INTO Orders VALUES('person 20','2016-10-29','bar 18','drink 37',5);
INSERT INTO Orders VALUES('person 20','2016-10-29','bar 18','drink 35',2);
INSERT INTO Orders VALUES('person 20','2016-10-29','bar 18','drink 43',1);
INSERT INTO Orders VALUES('person 20','2016-10-22','bar 18','drink 35',1);
INSERT INTO Orders VALUES('person 20','2016-10-12','bar 8','drink 21',4);
INSERT INTO Orders VALUES('person 20','2016-10-12','bar 8','drink 30',1);
INSERT INTO Orders VALUES('person 20','2016-10-19','bar 15','drink 10',1);
INSERT INTO Orders VALUES('person 20','2016-10-19','bar 15','drink 13',7);
INSERT INTO Orders VALUES('person 20','2016-10-19','bar 15','drink 1',1);
INSERT INTO Orders VALUES('person 20','2016-10-06','bar 14','drink 45',2);
INSERT INTO Orders VALUES('person 20','2016-10-20','bar 10','drink 12',3);
INSERT INTO Orders VALUES('person 20','2016-10-20','bar 10','drink 27',2);
INSERT INTO Orders VALUES('person 20','2016-10-15','bar 17','drink 23',2);
INSERT INTO Orders VALUES('person 20','2016-10-15','bar 17','drink 28',1);
INSERT INTO Orders VALUES('person 20','2016-10-15','bar 17','drink 2',2);
INSERT INTO Orders VALUES('person 20','2016-10-21','bar 5','drink 38',3);
INSERT INTO Orders VALUES('person 20','2016-10-21','bar 5','drink 25',3);
INSERT INTO Orders VALUES('person 20','2016-10-21','bar 5','drink 16',5);
INSERT INTO Orders VALUES('person 20','2016-10-11','bar 9','drink 4',1);
INSERT INTO Orders VALUES('person 20','2016-10-11','bar 9','drink 44',5);
INSERT INTO Orders VALUES('person 20','2016-10-11','bar 9','drink 34',4);
INSERT INTO Orders VALUES('person 20','2016-10-31','bar 1','drink 40',4);
INSERT INTO Orders VALUES('person 20','2016-10-31','bar 1','drink 4',3);
INSERT INTO Orders VALUES('person 20','2016-10-31','bar 1','drink 6',7);
INSERT INTO Orders VALUES('person 20','2016-10-09','bar 13','drink 37',2);
INSERT INTO Orders VALUES('person 20','2016-10-09','bar 13','drink 10',1);
INSERT INTO Orders VALUES('person 20','2016-10-09','bar 13','drink 32',8);
INSERT INTO Orders VALUES('person 20','2016-10-03','bar 9','drink 44',2);
INSERT INTO Orders VALUES('person 20','2016-10-10','bar 13','drink 37',3);
INSERT INTO Orders VALUES('person 20','2016-10-10','bar 13','drink 10',4);
INSERT INTO Orders VALUES('person 20','2016-10-10','bar 13','drink 32',1);
INSERT INTO Orders VALUES('person 20','2016-10-26','bar 12','drink 1',1);
INSERT INTO Orders VALUES('person 20','2016-10-13','bar 4','drink 19',3);
INSERT INTO Orders VALUES('person 20','2016-10-13','bar 4','drink 41',2);
INSERT INTO Orders VALUES('person 21','2016-10-25','bar 13','drink 37',2);
INSERT INTO Orders VALUES('person 21','2016-10-25','bar 13','drink 10',6);
INSERT INTO Orders VALUES('person 21','2016-10-25','bar 13','drink 32',1);
INSERT INTO Orders VALUES('person 21','2016-10-12','bar 1','drink 40',1);
INSERT INTO Orders VALUES('person 21','2016-10-12','bar 1','drink 4',3);
INSERT INTO Orders VALUES('person 21','2016-10-19','bar 19','drink 1',1);
INSERT INTO Orders VALUES('person 21','2016-10-19','bar 19','drink 9',6);
INSERT INTO Orders VALUES('person 21','2016-10-19','bar 19','drink 42',3);
INSERT INTO Orders VALUES('person 21','2016-10-20','bar 17','drink 23',1);
INSERT INTO Orders VALUES('person 21','2016-10-20','bar 17','drink 28',3);
INSERT INTO Orders VALUES('person 21','2016-10-26','bar 9','drink 4',7);
INSERT INTO Orders VALUES('person 21','2016-10-08','bar 12','drink 37',1);
INSERT INTO Orders VALUES('person 21','2016-10-08','bar 12','drink 34',4);
INSERT INTO Orders VALUES('person 21','2016-10-22','bar 20','drink 39',1);
INSERT INTO Orders VALUES('person 21','2016-10-22','bar 20','drink 50',1);
INSERT INTO Orders VALUES('person 21','2016-10-02','bar 19','drink 9',3);
INSERT INTO Orders VALUES('person 21','2016-10-02','bar 19','drink 42',3);
INSERT INTO Orders VALUES('person 21','2016-10-16','bar 10','drink 27',2);
INSERT INTO Orders VALUES('person 21','2016-10-16','bar 10','drink 30',5);
INSERT INTO Orders VALUES('person 21','2016-10-17','bar 8','drink 40',1);
INSERT INTO Orders VALUES('person 21','2016-10-17','bar 8','drink 21',2);
INSERT INTO Orders VALUES('person 21','2016-10-05','bar 19','drink 9',1);
INSERT INTO Orders VALUES('person 21','2016-10-05','bar 19','drink 42',2);
INSERT INTO Orders VALUES('person 21','2016-10-06','bar 5','drink 38',4);
INSERT INTO Orders VALUES('person 22','2016-10-03','bar 10','drink 12',1);
INSERT INTO Orders VALUES('person 22','2016-10-03','bar 10','drink 27',1);
INSERT INTO Orders VALUES('person 22','2016-10-24','bar 3','drink 13',1);
INSERT INTO Orders VALUES('person 22','2016-10-24','bar 3','drink 43',1);
INSERT INTO Orders VALUES('person 23','2016-10-12','bar 20','drink 38',2);
INSERT INTO Orders VALUES('person 23','2016-10-12','bar 20','drink 39',5);
INSERT INTO Orders VALUES('person 23','2016-10-12','bar 20','drink 50',5);
INSERT INTO Orders VALUES('person 23','2016-10-02','bar 12','drink 37',4);
INSERT INTO Orders VALUES('person 23','2016-10-02','bar 12','drink 1',2);
INSERT INTO Orders VALUES('person 23','2016-10-02','bar 12','drink 34',5);
INSERT INTO Orders VALUES('person 23','2016-10-26','bar 4','drink 19',1);
INSERT INTO Orders VALUES('person 23','2016-10-26','bar 4','drink 41',3);
INSERT INTO Orders VALUES('person 23','2016-10-26','bar 4','drink 40',5);
INSERT INTO Orders VALUES('person 23','2016-10-15','bar 19','drink 1',2);
INSERT INTO Orders VALUES('person 23','2016-10-25','bar 19','drink 42',1);
INSERT INTO Orders VALUES('person 23','2016-10-05','bar 2','drink 33',3);
INSERT INTO Orders VALUES('person 23','2016-10-05','bar 2','drink 39',3);
INSERT INTO Orders VALUES('person 23','2016-10-28','bar 15','drink 10',3);
INSERT INTO Orders VALUES('person 23','2016-10-28','bar 15','drink 13',1);
INSERT INTO Orders VALUES('person 23','2016-10-28','bar 15','drink 1',3);
INSERT INTO Orders VALUES('person 23','2016-10-23','bar 17','drink 23',2);
INSERT INTO Orders VALUES('person 23','2016-10-23','bar 17','drink 28',6);
INSERT INTO Orders VALUES('person 23','2016-10-31','bar 10','drink 12',2);
INSERT INTO Orders VALUES('person 23','2016-10-31','bar 10','drink 27',1);
INSERT INTO Orders VALUES('person 23','2016-10-31','bar 10','drink 30',1);
INSERT INTO Orders VALUES('person 23','2016-10-30','bar 8','drink 40',1);
INSERT INTO Orders VALUES('person 23','2016-10-30','bar 8','drink 30',4);
INSERT INTO Orders VALUES('person 23','2016-10-09','bar 20','drink 50',1);
INSERT INTO Orders VALUES('person 23','2016-10-07','bar 11','drink 4',2);
INSERT INTO Orders VALUES('person 23','2016-10-16','bar 20','drink 50',2);
INSERT INTO Orders VALUES('person 23','2016-10-01','bar 9','drink 4',3);
INSERT INTO Orders VALUES('person 23','2016-10-01','bar 9','drink 44',3);
INSERT INTO Orders VALUES('person 23','2016-10-01','bar 9','drink 34',1);
INSERT INTO Orders VALUES('person 23','2016-10-17','bar 12','drink 37',3);
INSERT INTO Orders VALUES('person 23','2016-10-08','bar 11','drink 38',4);
INSERT INTO Orders VALUES('person 23','2016-10-08','bar 11','drink 4',2);
INSERT INTO Orders VALUES('person 23','2016-10-13','bar 15','drink 10',3);
INSERT INTO Orders VALUES('person 23','2016-10-06','bar 15','drink 10',6);
INSERT INTO Orders VALUES('person 23','2016-10-06','bar 15','drink 13',3);
INSERT INTO Orders VALUES('person 23','2016-10-06','bar 15','drink 1',2);
INSERT INTO Orders VALUES('person 23','2016-10-10','bar 19','drink 1',7);
INSERT INTO Orders VALUES('person 23','2016-10-10','bar 19','drink 9',7);
INSERT INTO Orders VALUES('person 23','2016-10-10','bar 19','drink 42',2);
INSERT INTO Orders VALUES('person 23','2016-10-29','bar 16','drink 17',1);
INSERT INTO Orders VALUES('person 23','2016-10-29','bar 16','drink 49',2);
INSERT INTO Orders VALUES('person 23','2016-10-22','bar 10','drink 12',1);
INSERT INTO Orders VALUES('person 23','2016-10-22','bar 10','drink 27',1);
INSERT INTO Orders VALUES('person 23','2016-10-22','bar 10','drink 30',1);
INSERT INTO Orders VALUES('person 23','2016-10-11','bar 16','drink 17',1);
INSERT INTO Orders VALUES('person 23','2016-10-11','bar 16','drink 14',3);
INSERT INTO Orders VALUES('person 23','2016-10-04','bar 7','drink 15',2);
INSERT INTO Orders VALUES('person 23','2016-10-04','bar 7','drink 28',3);
INSERT INTO Orders VALUES('person 24','2016-10-26','bar 19','drink 1',1);
INSERT INTO Orders VALUES('person 24','2016-10-26','bar 19','drink 9',4);
INSERT INTO Orders VALUES('person 24','2016-10-03','bar 3','drink 13',5);
INSERT INTO Orders VALUES('person 24','2016-10-03','bar 3','drink 43',12);
INSERT INTO Orders VALUES('person 24','2016-10-11','bar 8','drink 40',5);
INSERT INTO Orders VALUES('person 24','2016-10-11','bar 8','drink 21',3);
INSERT INTO Orders VALUES('person 24','2016-10-25','bar 8','drink 40',4);
INSERT INTO Orders VALUES('person 24','2016-10-25','bar 8','drink 21',3);
INSERT INTO Orders VALUES('person 24','2016-10-20','bar 10','drink 12',2);
INSERT INTO Orders VALUES('person 24','2016-10-20','bar 10','drink 27',3);
INSERT INTO Orders VALUES('person 24','2016-10-20','bar 10','drink 30',1);
INSERT INTO Orders VALUES('person 24','2016-10-07','bar 10','drink 12',6);
INSERT INTO Orders VALUES('person 24','2016-10-07','bar 10','drink 30',2);
INSERT INTO Orders VALUES('person 24','2016-10-06','bar 2','drink 32',1);
INSERT INTO Orders VALUES('person 24','2016-10-06','bar 2','drink 33',1);
INSERT INTO Orders VALUES('person 25','2016-10-21','bar 13','drink 37',2);
INSERT INTO Orders VALUES('person 25','2016-10-21','bar 13','drink 10',6);
INSERT INTO Orders VALUES('person 25','2016-10-27','bar 12','drink 34',2);
INSERT INTO Orders VALUES('person 25','2016-10-16','bar 4','drink 19',2);
INSERT INTO Orders VALUES('person 25','2016-10-16','bar 4','drink 41',4);
INSERT INTO Orders VALUES('person 25','2016-10-17','bar 1','drink 4',8);
INSERT INTO Orders VALUES('person 25','2016-10-10','bar 16','drink 14',10);
INSERT INTO Orders VALUES('person 25','2016-10-10','bar 16','drink 49',2);
INSERT INTO Orders VALUES('person 25','2016-10-03','bar 20','drink 39',3);
INSERT INTO Orders VALUES('person 25','2016-10-03','bar 20','drink 50',3);
INSERT INTO Orders VALUES('person 25','2016-10-04','bar 20','drink 38',14);
INSERT INTO Orders VALUES('person 25','2016-10-18','bar 1','drink 40',1);
INSERT INTO Orders VALUES('person 25','2016-10-18','bar 1','drink 4',8);
INSERT INTO Orders VALUES('person 25','2016-10-18','bar 1','drink 6',3);
INSERT INTO Orders VALUES('person 25','2016-10-26','bar 7','drink 15',2);
INSERT INTO Orders VALUES('person 25','2016-10-26','bar 7','drink 28',5);
INSERT INTO Orders VALUES('person 25','2016-10-14','bar 10','drink 12',4);
INSERT INTO Orders VALUES('person 25','2016-10-14','bar 10','drink 27',2);
INSERT INTO Orders VALUES('person 25','2016-10-13','bar 11','drink 38',1);
INSERT INTO Orders VALUES('person 25','2016-10-13','bar 11','drink 42',5);
INSERT INTO Orders VALUES('person 25','2016-10-28','bar 9','drink 44',6);
INSERT INTO Orders VALUES('person 25','2016-10-28','bar 9','drink 34',1);
INSERT INTO Orders VALUES('person 25','2016-10-24','bar 20','drink 38',1);
INSERT INTO Orders VALUES('person 25','2016-10-24','bar 20','drink 39',4);
INSERT INTO Orders VALUES('person 25','2016-10-24','bar 20','drink 50',2);
INSERT INTO Orders VALUES('person 25','2016-10-05','bar 4','drink 41',2);
INSERT INTO Orders VALUES('person 25','2016-10-05','bar 4','drink 40',5);
INSERT INTO Orders VALUES('person 25','2016-10-09','bar 11','drink 38',5);
INSERT INTO Orders VALUES('person 25','2016-10-09','bar 11','drink 42',5);
INSERT INTO Orders VALUES('person 25','2016-10-09','bar 11','drink 4',1);
INSERT INTO Orders VALUES('person 25','2016-10-15','bar 11','drink 42',3);
INSERT INTO Orders VALUES('person 25','2016-10-15','bar 11','drink 4',3);
INSERT INTO Orders VALUES('person 25','2016-10-30','bar 14','drink 45',4);
INSERT INTO Orders VALUES('person 25','2016-10-30','bar 14','drink 37',6);
INSERT INTO Orders VALUES('person 25','2016-10-30','bar 14','drink 6',3);
INSERT INTO Orders VALUES('person 26','2016-10-17','bar 18','drink 37',5);
INSERT INTO Orders VALUES('person 26','2016-10-17','bar 18','drink 43',3);
INSERT INTO Orders VALUES('person 26','2016-10-25','bar 13','drink 37',5);
INSERT INTO Orders VALUES('person 26','2016-10-25','bar 13','drink 10',1);
INSERT INTO Orders VALUES('person 26','2016-10-25','bar 13','drink 32',1);
INSERT INTO Orders VALUES('person 26','2016-10-16','bar 16','drink 17',1);
INSERT INTO Orders VALUES('person 26','2016-10-16','bar 16','drink 49',4);
INSERT INTO Orders VALUES('person 26','2016-10-01','bar 2','drink 33',3);
INSERT INTO Orders VALUES('person 26','2016-10-12','bar 11','drink 42',8);
INSERT INTO Orders VALUES('person 26','2016-10-12','bar 11','drink 4',1);
INSERT INTO Orders VALUES('person 26','2016-10-14','bar 8','drink 40',4);
INSERT INTO Orders VALUES('person 26','2016-10-14','bar 8','drink 30',1);
INSERT INTO Orders VALUES('person 26','2016-10-03','bar 15','drink 10',2);
INSERT INTO Orders VALUES('person 26','2016-10-03','bar 15','drink 13',3);
INSERT INTO Orders VALUES('person 26','2016-10-03','bar 15','drink 1',7);
INSERT INTO Orders VALUES('person 26','2016-10-07','bar 6','drink 28',6);
INSERT INTO Orders VALUES('person 26','2016-10-07','bar 6','drink 7',4);
INSERT INTO Orders VALUES('person 26','2016-10-24','bar 1','drink 4',15);
INSERT INTO Orders VALUES('person 26','2016-10-24','bar 1','drink 6',7);
INSERT INTO Orders VALUES('person 26','2016-10-10','bar 5','drink 38',2);
INSERT INTO Orders VALUES('person 26','2016-10-10','bar 5','drink 25',2);
INSERT INTO Orders VALUES('person 26','2016-10-02','bar 18','drink 37',2);
INSERT INTO Orders VALUES('person 26','2016-10-02','bar 18','drink 35',1);
INSERT INTO Orders VALUES('person 26','2016-10-02','bar 18','drink 43',1);
INSERT INTO Orders VALUES('person 27','2016-10-01','bar 8','drink 21',4);
INSERT INTO Orders VALUES('person 27','2016-10-01','bar 8','drink 30',3);
INSERT INTO Orders VALUES('person 27','2016-10-08','bar 3','drink 13',1);
INSERT INTO Orders VALUES('person 27','2016-10-08','bar 3','drink 43',3);
INSERT INTO Orders VALUES('person 27','2016-10-08','bar 3','drink 46',1);
INSERT INTO Orders VALUES('person 27','2016-10-15','bar 9','drink 4',2);
INSERT INTO Orders VALUES('person 27','2016-10-15','bar 9','drink 34',2);
INSERT INTO Orders VALUES('person 28','2016-10-31','bar 19','drink 1',2);
INSERT INTO Orders VALUES('person 28','2016-10-31','bar 19','drink 9',4);
INSERT INTO Orders VALUES('person 28','2016-10-31','bar 19','drink 42',3);
INSERT INTO Orders VALUES('person 28','2016-10-28','bar 20','drink 39',4);
INSERT INTO Orders VALUES('person 28','2016-10-04','bar 18','drink 35',1);
INSERT INTO Orders VALUES('person 28','2016-10-22','bar 1','drink 4',2);
INSERT INTO Orders VALUES('person 28','2016-10-10','bar 5','drink 25',5);
INSERT INTO Orders VALUES('person 28','2016-10-18','bar 12','drink 1',1);
INSERT INTO Orders VALUES('person 28','2016-10-18','bar 12','drink 34',4);
INSERT INTO Orders VALUES('person 29','2016-10-13','bar 18','drink 37',1);
INSERT INTO Orders VALUES('person 29','2016-10-13','bar 18','drink 35',1);
INSERT INTO Orders VALUES('person 29','2016-10-13','bar 18','drink 43',2);
INSERT INTO Orders VALUES('person 29','2016-10-24','bar 19','drink 1',1);
INSERT INTO Orders VALUES('person 29','2016-10-24','bar 19','drink 9',18);
INSERT INTO Orders VALUES('person 29','2016-10-10','bar 6','drink 28',3);
INSERT INTO Orders VALUES('person 29','2016-10-10','bar 6','drink 7',3);
INSERT INTO Orders VALUES('person 29','2016-10-10','bar 6','drink 9',5);
INSERT INTO Orders VALUES('person 29','2016-10-14','bar 4','drink 19',1);
INSERT INTO Orders VALUES('person 29','2016-10-03','bar 15','drink 10',1);
INSERT INTO Orders VALUES('person 29','2016-10-03','bar 15','drink 13',2);
INSERT INTO Orders VALUES('person 29','2016-10-03','bar 15','drink 1',1);
INSERT INTO Orders VALUES('person 29','2016-10-20','bar 11','drink 42',1);
INSERT INTO Orders VALUES('person 29','2016-10-20','bar 11','drink 4',1);
INSERT INTO Orders VALUES('person 29','2016-10-18','bar 10','drink 12',1);
INSERT INTO Orders VALUES('person 29','2016-10-18','bar 10','drink 27',3);
INSERT INTO Orders VALUES('person 29','2016-10-18','bar 10','drink 30',1);
INSERT INTO Orders VALUES('person 29','2016-10-12','bar 3','drink 13',4);
INSERT INTO Orders VALUES('person 29','2016-10-30','bar 14','drink 45',2);
INSERT INTO Orders VALUES('person 29','2016-10-30','bar 14','drink 37',2);
INSERT INTO Orders VALUES('person 29','2016-10-11','bar 17','drink 23',2);
INSERT INTO Orders VALUES('person 29','2016-10-11','bar 17','drink 28',2);
INSERT INTO Orders VALUES('person 29','2016-10-08','bar 3','drink 13',5);
INSERT INTO Orders VALUES('person 29','2016-10-08','bar 3','drink 43',5);
INSERT INTO Orders VALUES('person 29','2016-10-17','bar 8','drink 40',2);
INSERT INTO Orders VALUES('person 29','2016-10-17','bar 8','drink 21',2);
INSERT INTO Orders VALUES('person 29','2016-10-17','bar 8','drink 30',1);
INSERT INTO Orders VALUES('person 29','2016-10-09','bar 1','drink 40',2);
INSERT INTO Orders VALUES('person 29','2016-10-09','bar 1','drink 4',1);
INSERT INTO Orders VALUES('person 30','2016-10-30','bar 4','drink 19',1);
INSERT INTO Orders VALUES('person 30','2016-10-30','bar 4','drink 41',1);
INSERT INTO Orders VALUES('person 30','2016-10-30','bar 4','drink 40',3);
INSERT INTO Orders VALUES('person 31','2016-10-18','bar 8','drink 40',5);
INSERT INTO Orders VALUES('person 31','2016-10-18','bar 8','drink 21',4);
INSERT INTO Orders VALUES('person 31','2016-10-28','bar 11','drink 38',4);
INSERT INTO Orders VALUES('person 31','2016-10-28','bar 11','drink 4',14);
INSERT INTO Orders VALUES('person 31','2016-10-16','bar 15','drink 10',2);
INSERT INTO Orders VALUES('person 31','2016-10-16','bar 15','drink 1',3);
INSERT INTO Orders VALUES('person 31','2016-10-21','bar 8','drink 21',1);
INSERT INTO Orders VALUES('person 31','2016-10-21','bar 8','drink 30',1);
INSERT INTO Orders VALUES('person 31','2016-10-29','bar 13','drink 37',1);
INSERT INTO Orders VALUES('person 31','2016-10-29','bar 13','drink 32',4);
INSERT INTO Orders VALUES('person 31','2016-10-05','bar 5','drink 38',11);
INSERT INTO Orders VALUES('person 31','2016-10-05','bar 5','drink 25',2);
INSERT INTO Orders VALUES('person 31','2016-10-05','bar 5','drink 16',1);
INSERT INTO Orders VALUES('person 31','2016-10-03','bar 8','drink 40',2);
INSERT INTO Orders VALUES('person 31','2016-10-03','bar 8','drink 30',1);
INSERT INTO Orders VALUES('person 31','2016-10-10','bar 4','drink 19',3);
INSERT INTO Orders VALUES('person 31','2016-10-10','bar 4','drink 41',2);
INSERT INTO Orders VALUES('person 31','2016-10-10','bar 4','drink 40',3);
INSERT INTO Orders VALUES('person 31','2016-10-22','bar 5','drink 38',2);
INSERT INTO Orders VALUES('person 31','2016-10-22','bar 5','drink 25',1);
INSERT INTO Orders VALUES('person 32','2016-10-07','bar 10','drink 12',2);
INSERT INTO Orders VALUES('person 32','2016-10-07','bar 10','drink 27',3);
INSERT INTO Orders VALUES('person 32','2016-10-07','bar 10','drink 30',7);
INSERT INTO Orders VALUES('person 32','2016-10-06','bar 7','drink 15',1);
INSERT INTO Orders VALUES('person 32','2016-10-06','bar 7','drink 14',8);
INSERT INTO Orders VALUES('person 32','2016-10-06','bar 7','drink 28',6);
INSERT INTO Orders VALUES('person 32','2016-10-19','bar 7','drink 14',4);
INSERT INTO Orders VALUES('person 32','2016-10-19','bar 7','drink 28',2);
INSERT INTO Orders VALUES('person 32','2016-10-04','bar 18','drink 37',4);
INSERT INTO Orders VALUES('person 32','2016-10-04','bar 18','drink 35',1);
INSERT INTO Orders VALUES('person 32','2016-10-04','bar 18','drink 43',4);
INSERT INTO Orders VALUES('person 32','2016-10-11','bar 7','drink 14',2);
INSERT INTO Orders VALUES('person 32','2016-10-11','bar 7','drink 28',2);
INSERT INTO Orders VALUES('person 33','2016-10-09','bar 5','drink 38',9);
INSERT INTO Orders VALUES('person 33','2016-10-09','bar 5','drink 25',3);
INSERT INTO Orders VALUES('person 33','2016-10-18','bar 6','drink 7',1);
INSERT INTO Orders VALUES('person 33','2016-10-14','bar 9','drink 34',4);
INSERT INTO Orders VALUES('person 33','2016-10-25','bar 9','drink 4',1);
INSERT INTO Orders VALUES('person 33','2016-10-26','bar 13','drink 37',4);
INSERT INTO Orders VALUES('person 33','2016-10-26','bar 13','drink 10',5);
INSERT INTO Orders VALUES('person 33','2016-10-05','bar 20','drink 38',1);
INSERT INTO Orders VALUES('person 33','2016-10-05','bar 20','drink 50',3);
INSERT INTO Orders VALUES('person 33','2016-10-22','bar 9','drink 34',2);
INSERT INTO Orders VALUES('person 34','2016-10-18','bar 17','drink 28',2);
INSERT INTO Orders VALUES('person 34','2016-10-18','bar 17','drink 2',1);
INSERT INTO Orders VALUES('person 34','2016-10-08','bar 17','drink 23',1);
INSERT INTO Orders VALUES('person 34','2016-10-08','bar 17','drink 28',1);
INSERT INTO Orders VALUES('person 34','2016-10-05','bar 6','drink 28',7);
INSERT INTO Orders VALUES('person 34','2016-10-05','bar 6','drink 7',3);
INSERT INTO Orders VALUES('person 34','2016-10-05','bar 6','drink 9',1);
INSERT INTO Orders VALUES('person 34','2016-10-26','bar 3','drink 13',4);
INSERT INTO Orders VALUES('person 34','2016-10-26','bar 3','drink 43',2);
INSERT INTO Orders VALUES('person 34','2016-10-06','bar 16','drink 17',1);
INSERT INTO Orders VALUES('person 34','2016-10-06','bar 16','drink 49',8);
INSERT INTO Orders VALUES('person 34','2016-10-12','bar 7','drink 15',1);
INSERT INTO Orders VALUES('person 35','2016-10-27','bar 2','drink 39',2);
INSERT INTO Orders VALUES('person 35','2016-10-09','bar 6','drink 28',1);
INSERT INTO Orders VALUES('person 35','2016-10-09','bar 6','drink 7',8);
INSERT INTO Orders VALUES('person 35','2016-10-09','bar 6','drink 9',1);
INSERT INTO Orders VALUES('person 35','2016-10-10','bar 3','drink 43',11);
INSERT INTO Orders VALUES('person 35','2016-10-05','bar 1','drink 40',1);
INSERT INTO Orders VALUES('person 35','2016-10-05','bar 1','drink 6',3);
INSERT INTO Orders VALUES('person 35','2016-10-19','bar 3','drink 43',3);
INSERT INTO Orders VALUES('person 35','2016-10-19','bar 3','drink 46',3);
INSERT INTO Orders VALUES('person 35','2016-10-06','bar 19','drink 1',1);
INSERT INTO Orders VALUES('person 35','2016-10-06','bar 19','drink 9',5);
INSERT INTO Orders VALUES('person 35','2016-10-06','bar 19','drink 42',4);
INSERT INTO Orders VALUES('person 35','2016-10-29','bar 10','drink 27',1);
INSERT INTO Orders VALUES('person 35','2016-10-29','bar 10','drink 30',1);
INSERT INTO Orders VALUES('person 35','2016-10-13','bar 11','drink 38',6);
INSERT INTO Orders VALUES('person 35','2016-10-13','bar 11','drink 4',7);
INSERT INTO Orders VALUES('person 35','2016-10-12','bar 3','drink 13',4);
INSERT INTO Orders VALUES('person 35','2016-10-12','bar 3','drink 46',4);
INSERT INTO Orders VALUES('person 35','2016-10-23','bar 16','drink 17',1);
INSERT INTO Orders VALUES('person 35','2016-10-23','bar 16','drink 14',2);
INSERT INTO Orders VALUES('person 35','2016-10-23','bar 16','drink 49',2);
INSERT INTO Orders VALUES('person 35','2016-10-24','bar 4','drink 19',3);
INSERT INTO Orders VALUES('person 35','2016-10-24','bar 4','drink 40',1);
INSERT INTO Orders VALUES('person 35','2016-10-02','bar 20','drink 38',1);
INSERT INTO Orders VALUES('person 35','2016-10-02','bar 20','drink 39',1);
INSERT INTO Orders VALUES('person 35','2016-10-01','bar 2','drink 32',1);
INSERT INTO Orders VALUES('person 35','2016-10-01','bar 2','drink 33',4);
INSERT INTO Orders VALUES('person 36','2016-10-15','bar 10','drink 12',3);
INSERT INTO Orders VALUES('person 36','2016-10-15','bar 10','drink 27',6);
INSERT INTO Orders VALUES('person 36','2016-10-15','bar 10','drink 30',1);
INSERT INTO Orders VALUES('person 36','2016-10-13','bar 9','drink 4',3);
INSERT INTO Orders VALUES('person 36','2016-10-13','bar 9','drink 34',3);
INSERT INTO Orders VALUES('person 36','2016-10-27','bar 12','drink 37',1);
INSERT INTO Orders VALUES('person 36','2016-10-27','bar 12','drink 34',1);
INSERT INTO Orders VALUES('person 36','2016-10-02','bar 5','drink 38',8);
INSERT INTO Orders VALUES('person 36','2016-10-02','bar 5','drink 25',1);
INSERT INTO Orders VALUES('person 36','2016-10-20','bar 4','drink 19',1);
INSERT INTO Orders VALUES('person 36','2016-10-20','bar 4','drink 41',2);
INSERT INTO Orders VALUES('person 36','2016-10-20','bar 4','drink 40',2);
INSERT INTO Orders VALUES('person 36','2016-10-10','bar 6','drink 7',2);
INSERT INTO Orders VALUES('person 36','2016-10-25','bar 20','drink 38',1);
INSERT INTO Orders VALUES('person 36','2016-10-25','bar 20','drink 39',5);
INSERT INTO Orders VALUES('person 36','2016-10-25','bar 20','drink 50',3);
INSERT INTO Orders VALUES('person 36','2016-10-23','bar 7','drink 15',2);
INSERT INTO Orders VALUES('person 36','2016-10-05','bar 16','drink 17',2);
INSERT INTO Orders VALUES('person 36','2016-10-05','bar 16','drink 14',17);
INSERT INTO Orders VALUES('person 36','2016-10-19','bar 14','drink 45',2);
INSERT INTO Orders VALUES('person 36','2016-10-19','bar 14','drink 37',4);
INSERT INTO Orders VALUES('person 36','2016-10-19','bar 14','drink 6',5);
INSERT INTO Orders VALUES('person 37','2016-10-15','bar 9','drink 34',3);
INSERT INTO Orders VALUES('person 37','2016-10-24','bar 16','drink 17',3);
INSERT INTO Orders VALUES('person 37','2016-10-24','bar 16','drink 49',4);
INSERT INTO Orders VALUES('person 37','2016-10-05','bar 12','drink 34',2);
INSERT INTO Orders VALUES('person 37','2016-10-27','bar 1','drink 6',6);
INSERT INTO Orders VALUES('person 37','2016-10-08','bar 10','drink 30',1);
INSERT INTO Orders VALUES('person 37','2016-10-29','bar 1','drink 40',1);
INSERT INTO Orders VALUES('person 37','2016-10-29','bar 1','drink 4',3);
INSERT INTO Orders VALUES('person 37','2016-10-29','bar 1','drink 6',3);
INSERT INTO Orders VALUES('person 37','2016-10-02','bar 11','drink 42',2);
INSERT INTO Orders VALUES('person 37','2016-10-04','bar 6','drink 7',1);
INSERT INTO Orders VALUES('person 37','2016-10-04','bar 6','drink 9',4);
INSERT INTO Orders VALUES('person 37','2016-10-28','bar 1','drink 40',3);
INSERT INTO Orders VALUES('person 37','2016-10-11','bar 12','drink 37',2);
INSERT INTO Orders VALUES('person 37','2016-10-11','bar 12','drink 1',1);
INSERT INTO Orders VALUES('person 37','2016-10-11','bar 12','drink 34',5);
INSERT INTO Orders VALUES('person 37','2016-10-10','bar 7','drink 15',1);
INSERT INTO Orders VALUES('person 37','2016-10-18','bar 3','drink 43',2);
INSERT INTO Orders VALUES('person 38','2016-10-27','bar 12','drink 37',3);
INSERT INTO Orders VALUES('person 38','2016-10-27','bar 12','drink 1',5);
INSERT INTO Orders VALUES('person 38','2016-10-04','bar 13','drink 37',1);
INSERT INTO Orders VALUES('person 38','2016-10-04','bar 13','drink 10',1);
INSERT INTO Orders VALUES('person 38','2016-10-16','bar 3','drink 13',5);
INSERT INTO Orders VALUES('person 38','2016-10-16','bar 3','drink 46',2);
INSERT INTO Orders VALUES('person 38','2016-10-20','bar 6','drink 9',4);
INSERT INTO Orders VALUES('person 38','2016-10-09','bar 6','drink 28',4);
INSERT INTO Orders VALUES('person 38','2016-10-09','bar 6','drink 9',1);
INSERT INTO Orders VALUES('person 38','2016-10-22','bar 3','drink 13',3);
INSERT INTO Orders VALUES('person 38','2016-10-22','bar 3','drink 46',1);
INSERT INTO Orders VALUES('person 38','2016-10-30','bar 10','drink 12',2);
INSERT INTO Orders VALUES('person 38','2016-10-30','bar 10','drink 27',1);
INSERT INTO Orders VALUES('person 38','2016-10-31','bar 11','drink 42',3);
INSERT INTO Orders VALUES('person 38','2016-10-29','bar 19','drink 1',5);
INSERT INTO Orders VALUES('person 38','2016-10-29','bar 19','drink 42',3);
INSERT INTO Orders VALUES('person 38','2016-10-15','bar 11','drink 42',2);
INSERT INTO Orders VALUES('person 38','2016-10-15','bar 11','drink 4',3);
INSERT INTO Orders VALUES('person 38','2016-10-08','bar 8','drink 40',1);
INSERT INTO Orders VALUES('person 38','2016-10-08','bar 8','drink 21',3);
INSERT INTO Orders VALUES('person 38','2016-10-02','bar 4','drink 40',3);
INSERT INTO Orders VALUES('person 39','2016-10-25','bar 14','drink 45',1);
INSERT INTO Orders VALUES('person 39','2016-10-20','bar 14','drink 45',1);
INSERT INTO Orders VALUES('person 39','2016-10-20','bar 14','drink 37',2);
INSERT INTO Orders VALUES('person 39','2016-10-20','bar 14','drink 6',1);
INSERT INTO Orders VALUES('person 39','2016-10-02','bar 13','drink 37',1);
INSERT INTO Orders VALUES('person 39','2016-10-02','bar 13','drink 10',5);
INSERT INTO Orders VALUES('person 39','2016-10-02','bar 13','drink 32',4);
INSERT INTO Orders VALUES('person 40','2016-10-27','bar 1','drink 40',1);
INSERT INTO Orders VALUES('person 40','2016-10-27','bar 1','drink 4',2);
INSERT INTO Orders VALUES('person 40','2016-10-16','bar 19','drink 9',1);
INSERT INTO Orders VALUES('person 40','2016-10-15','bar 7','drink 15',3);
INSERT INTO Orders VALUES('person 40','2016-10-15','bar 7','drink 14',1);
INSERT INTO Orders VALUES('person 40','2016-10-15','bar 7','drink 28',4);
INSERT INTO Orders VALUES('person 40','2016-10-18','bar 15','drink 10',2);
INSERT INTO Orders VALUES('person 40','2016-10-18','bar 15','drink 13',4);
INSERT INTO Orders VALUES('person 40','2016-10-18','bar 15','drink 1',3);
INSERT INTO Orders VALUES('person 40','2016-10-29','bar 9','drink 4',7);
INSERT INTO Orders VALUES('person 40','2016-10-04','bar 11','drink 38',1);
INSERT INTO Orders VALUES('person 40','2016-10-04','bar 11','drink 4',1);
INSERT INTO Orders VALUES('person 40','2016-10-25','bar 6','drink 28',2);
INSERT INTO Orders VALUES('person 40','2016-10-25','bar 6','drink 7',5);
INSERT INTO Orders VALUES('person 40','2016-10-30','bar 20','drink 39',2);
INSERT INTO Orders VALUES('person 40','2016-10-30','bar 20','drink 50',2);
INSERT INTO Orders VALUES('person 41','2016-10-18','bar 19','drink 1',6);
INSERT INTO Orders VALUES('person 41','2016-10-18','bar 19','drink 9',7);
INSERT INTO Orders VALUES('person 41','2016-10-18','bar 19','drink 42',3);
INSERT INTO Orders VALUES('person 41','2016-10-08','bar 1','drink 40',3);
INSERT INTO Orders VALUES('person 41','2016-10-08','bar 1','drink 4',5);
INSERT INTO Orders VALUES('person 41','2016-10-08','bar 1','drink 6',3);
INSERT INTO Orders VALUES('person 41','2016-10-12','bar 14','drink 37',1);
INSERT INTO Orders VALUES('person 41','2016-10-12','bar 14','drink 6',1);
INSERT INTO Orders VALUES('person 41','2016-10-09','bar 8','drink 30',2);
INSERT INTO Orders VALUES('person 41','2016-10-23','bar 14','drink 45',2);
INSERT INTO Orders VALUES('person 41','2016-10-23','bar 14','drink 37',4);
INSERT INTO Orders VALUES('person 41','2016-10-23','bar 14','drink 6',1);
INSERT INTO Orders VALUES('person 42','2016-10-03','bar 17','drink 23',1);
INSERT INTO Orders VALUES('person 42','2016-10-03','bar 17','drink 28',7);
INSERT INTO Orders VALUES('person 42','2016-10-03','bar 17','drink 2',1);
INSERT INTO Orders VALUES('person 42','2016-10-29','bar 20','drink 38',7);
INSERT INTO Orders VALUES('person 42','2016-10-29','bar 20','drink 39',7);
INSERT INTO Orders VALUES('person 42','2016-10-29','bar 20','drink 50',3);
INSERT INTO Orders VALUES('person 42','2016-10-25','bar 16','drink 14',3);
INSERT INTO Orders VALUES('person 42','2016-10-25','bar 16','drink 49',2);
INSERT INTO Orders VALUES('person 42','2016-10-22','bar 10','drink 12',2);
INSERT INTO Orders VALUES('person 42','2016-10-22','bar 10','drink 27',1);
INSERT INTO Orders VALUES('person 42','2016-10-22','bar 10','drink 30',1);
INSERT INTO Orders VALUES('person 42','2016-10-11','bar 11','drink 42',1);
INSERT INTO Orders VALUES('person 42','2016-10-11','bar 11','drink 4',3);
INSERT INTO Orders VALUES('person 42','2016-10-21','bar 4','drink 19',2);
INSERT INTO Orders VALUES('person 42','2016-10-21','bar 4','drink 41',2);
INSERT INTO Orders VALUES('person 42','2016-10-21','bar 4','drink 40',2);
INSERT INTO Orders VALUES('person 42','2016-10-09','bar 7','drink 15',2);
INSERT INTO Orders VALUES('person 42','2016-10-09','bar 7','drink 14',4);
INSERT INTO Orders VALUES('person 42','2016-10-09','bar 7','drink 28',1);
INSERT INTO Orders VALUES('person 42','2016-10-18','bar 4','drink 19',2);
INSERT INTO Orders VALUES('person 42','2016-10-18','bar 4','drink 41',8);
INSERT INTO Orders VALUES('person 42','2016-10-18','bar 4','drink 40',4);
INSERT INTO Orders VALUES('person 42','2016-10-07','bar 16','drink 17',1);
INSERT INTO Orders VALUES('person 42','2016-10-07','bar 16','drink 14',1);
INSERT INTO Orders VALUES('person 42','2016-10-07','bar 16','drink 49',1);
INSERT INTO Orders VALUES('person 42','2016-10-19','bar 12','drink 37',2);
INSERT INTO Orders VALUES('person 42','2016-10-19','bar 12','drink 1',1);
INSERT INTO Orders VALUES('person 42','2016-10-19','bar 12','drink 34',4);
INSERT INTO Orders VALUES('person 43','2016-10-12','bar 3','drink 13',2);
INSERT INTO Orders VALUES('person 43','2016-10-12','bar 3','drink 43',8);
INSERT INTO Orders VALUES('person 43','2016-10-12','bar 3','drink 46',1);
INSERT INTO Orders VALUES('person 43','2016-10-24','bar 20','drink 38',5);
INSERT INTO Orders VALUES('person 43','2016-10-24','bar 20','drink 39',1);
INSERT INTO Orders VALUES('person 43','2016-10-24','bar 20','drink 50',4);
INSERT INTO Orders VALUES('person 43','2016-10-23','bar 15','drink 10',4);
INSERT INTO Orders VALUES('person 43','2016-10-23','bar 15','drink 1',1);
INSERT INTO Orders VALUES('person 43','2016-10-06','bar 2','drink 33',1);
INSERT INTO Orders VALUES('person 43','2016-10-06','bar 2','drink 39',2);
INSERT INTO Orders VALUES('person 43','2016-10-10','bar 15','drink 10',1);
INSERT INTO Orders VALUES('person 43','2016-10-10','bar 15','drink 1',6);
INSERT INTO Orders VALUES('person 43','2016-10-07','bar 15','drink 10',1);
INSERT INTO Orders VALUES('person 43','2016-10-07','bar 15','drink 13',4);
INSERT INTO Orders VALUES('person 43','2016-10-07','bar 15','drink 1',8);
INSERT INTO Orders VALUES('person 43','2016-10-15','bar 16','drink 17',7);
INSERT INTO Orders VALUES('person 43','2016-10-15','bar 16','drink 14',3);
INSERT INTO Orders VALUES('person 43','2016-10-15','bar 16','drink 49',1);
INSERT INTO Orders VALUES('person 44','2016-10-18','bar 1','drink 40',2);
INSERT INTO Orders VALUES('person 44','2016-10-18','bar 1','drink 6',5);
INSERT INTO Orders VALUES('person 44','2016-10-06','bar 15','drink 13',1);
INSERT INTO Orders VALUES('person 44','2016-10-13','bar 19','drink 9',3);
INSERT INTO Orders VALUES('person 44','2016-10-17','bar 2','drink 32',5);
INSERT INTO Orders VALUES('person 44','2016-10-17','bar 2','drink 33',2);
INSERT INTO Orders VALUES('person 44','2016-10-17','bar 2','drink 39',1);
INSERT INTO Orders VALUES('person 44','2016-10-26','bar 2','drink 39',1);
INSERT INTO Orders VALUES('person 44','2016-10-14','bar 18','drink 37',1);
INSERT INTO Orders VALUES('person 44','2016-10-14','bar 18','drink 43',5);
INSERT INTO Orders VALUES('person 44','2016-10-15','bar 18','drink 37',8);
INSERT INTO Orders VALUES('person 44','2016-10-15','bar 18','drink 35',2);
INSERT INTO Orders VALUES('person 44','2016-10-15','bar 18','drink 43',1);
INSERT INTO Orders VALUES('person 44','2016-10-24','bar 9','drink 44',4);
INSERT INTO Orders VALUES('person 44','2016-10-24','bar 9','drink 34',6);
INSERT INTO Orders VALUES('person 44','2016-10-20','bar 19','drink 1',1);
INSERT INTO Orders VALUES('person 44','2016-10-20','bar 19','drink 9',1);
INSERT INTO Orders VALUES('person 44','2016-10-20','bar 19','drink 42',1);
INSERT INTO Orders VALUES('person 44','2016-10-27','bar 2','drink 32',2);
INSERT INTO Orders VALUES('person 44','2016-10-27','bar 2','drink 33',1);
INSERT INTO Orders VALUES('person 44','2016-10-27','bar 2','drink 39',6);
INSERT INTO Orders VALUES('person 45','2016-10-08','bar 15','drink 13',3);
INSERT INTO Orders VALUES('person 45','2016-10-08','bar 15','drink 1',3);
INSERT INTO Orders VALUES('person 45','2016-10-20','bar 14','drink 45',3);
INSERT INTO Orders VALUES('person 45','2016-10-20','bar 14','drink 37',1);
INSERT INTO Orders VALUES('person 45','2016-10-28','bar 14','drink 45',1);
INSERT INTO Orders VALUES('person 45','2016-10-28','bar 14','drink 37',1);
INSERT INTO Orders VALUES('person 45','2016-10-28','bar 14','drink 6',2);
INSERT INTO Orders VALUES('person 45','2016-10-27','bar 4','drink 19',5);
INSERT INTO Orders VALUES('person 45','2016-10-27','bar 4','drink 41',2);
INSERT INTO Orders VALUES('person 45','2016-10-02','bar 13','drink 37',1);
INSERT INTO Orders VALUES('person 45','2016-10-02','bar 13','drink 10',2);
INSERT INTO Orders VALUES('person 45','2016-10-02','bar 13','drink 32',10);
INSERT INTO Orders VALUES('person 45','2016-10-16','bar 14','drink 6',1);
INSERT INTO Orders VALUES('person 45','2016-10-26','bar 5','drink 25',2);
INSERT INTO Orders VALUES('person 45','2016-10-26','bar 5','drink 16',1);
INSERT INTO Orders VALUES('person 45','2016-10-18','bar 6','drink 28',1);
INSERT INTO Orders VALUES('person 45','2016-10-18','bar 6','drink 9',5);
INSERT INTO Orders VALUES('person 45','2016-10-12','bar 13','drink 37',1);
INSERT INTO Orders VALUES('person 45','2016-10-12','bar 13','drink 10',3);
INSERT INTO Orders VALUES('person 45','2016-10-14','bar 2','drink 32',1);
INSERT INTO Orders VALUES('person 45','2016-10-14','bar 2','drink 33',1);
INSERT INTO Orders VALUES('person 45','2016-10-14','bar 2','drink 39',1);
INSERT INTO Orders VALUES('person 45','2016-10-25','bar 8','drink 40',11);
INSERT INTO Orders VALUES('person 45','2016-10-25','bar 8','drink 30',4);
INSERT INTO Orders VALUES('person 45','2016-10-03','bar 8','drink 40',6);
INSERT INTO Orders VALUES('person 45','2016-10-17','bar 20','drink 39',5);
INSERT INTO Orders VALUES('person 45','2016-10-17','bar 20','drink 50',4);
INSERT INTO Orders VALUES('person 45','2016-10-31','bar 13','drink 37',3);
INSERT INTO Orders VALUES('person 45','2016-10-11','bar 3','drink 13',1);
INSERT INTO Orders VALUES('person 45','2016-10-11','bar 3','drink 46',2);
INSERT INTO Orders VALUES('person 45','2016-10-04','bar 17','drink 23',2);
INSERT INTO Orders VALUES('person 45','2016-10-04','bar 17','drink 28',5);
INSERT INTO Orders VALUES('person 45','2016-10-04','bar 17','drink 2',1);
INSERT INTO Orders VALUES('person 46','2016-10-05','bar 15','drink 10',5);
INSERT INTO Orders VALUES('person 46','2016-10-05','bar 15','drink 1',1);
INSERT INTO Orders VALUES('person 46','2016-10-28','bar 18','drink 37',2);
INSERT INTO Orders VALUES('person 46','2016-10-28','bar 18','drink 35',3);
INSERT INTO Orders VALUES('person 46','2016-10-28','bar 18','drink 43',3);
INSERT INTO Orders VALUES('person 46','2016-10-21','bar 15','drink 10',1);
INSERT INTO Orders VALUES('person 46','2016-10-21','bar 15','drink 13',2);
INSERT INTO Orders VALUES('person 46','2016-10-21','bar 15','drink 1',2);
INSERT INTO Orders VALUES('person 46','2016-10-30','bar 2','drink 32',13);
INSERT INTO Orders VALUES('person 46','2016-10-30','bar 2','drink 33',1);
INSERT INTO Orders VALUES('person 46','2016-10-30','bar 2','drink 39',1);
INSERT INTO Orders VALUES('person 46','2016-10-01','bar 1','drink 40',2);
INSERT INTO Orders VALUES('person 46','2016-10-01','bar 1','drink 4',4);
INSERT INTO Orders VALUES('person 46','2016-10-01','bar 1','drink 6',1);
INSERT INTO Orders VALUES('person 46','2016-10-13','bar 1','drink 4',5);
INSERT INTO Orders VALUES('person 46','2016-10-13','bar 1','drink 6',2);
INSERT INTO Orders VALUES('person 46','2016-10-22','bar 16','drink 14',6);
INSERT INTO Orders VALUES('person 46','2016-10-22','bar 16','drink 49',4);
INSERT INTO Orders VALUES('person 47','2016-10-23','bar 12','drink 37',1);
INSERT INTO Orders VALUES('person 47','2016-10-23','bar 12','drink 1',1);
INSERT INTO Orders VALUES('person 47','2016-10-23','bar 12','drink 34',2);
INSERT INTO Orders VALUES('person 47','2016-10-30','bar 20','drink 38',1);
INSERT INTO Orders VALUES('person 47','2016-10-30','bar 20','drink 39',1);
INSERT INTO Orders VALUES('person 47','2016-10-31','bar 16','drink 49',1);
INSERT INTO Orders VALUES('person 47','2016-10-10','bar 12','drink 37',2);
INSERT INTO Orders VALUES('person 47','2016-10-24','bar 7','drink 15',5);
INSERT INTO Orders VALUES('person 47','2016-10-24','bar 7','drink 14',2);
INSERT INTO Orders VALUES('person 47','2016-10-18','bar 12','drink 34',2);
INSERT INTO Orders VALUES('person 47','2016-10-13','bar 11','drink 38',1);
INSERT INTO Orders VALUES('person 47','2016-10-13','bar 11','drink 42',1);
INSERT INTO Orders VALUES('person 47','2016-10-13','bar 11','drink 4',1);
INSERT INTO Orders VALUES('person 47','2016-10-26','bar 6','drink 7',3);
INSERT INTO Orders VALUES('person 47','2016-10-26','bar 6','drink 9',2);
INSERT INTO Orders VALUES('person 48','2016-10-01','bar 11','drink 38',1);
INSERT INTO Orders VALUES('person 48','2016-10-01','bar 11','drink 4',2);
INSERT INTO Orders VALUES('person 48','2016-10-13','bar 14','drink 45',4);
INSERT INTO Orders VALUES('person 48','2016-10-13','bar 14','drink 37',2);
INSERT INTO Orders VALUES('person 48','2016-10-13','bar 14','drink 6',2);
INSERT INTO Orders VALUES('person 48','2016-10-30','bar 15','drink 10',3);
INSERT INTO Orders VALUES('person 48','2016-10-30','bar 15','drink 13',2);
INSERT INTO Orders VALUES('person 48','2016-10-30','bar 15','drink 1',1);
INSERT INTO Orders VALUES('person 48','2016-10-10','bar 10','drink 27',2);
INSERT INTO Orders VALUES('person 48','2016-10-04','bar 18','drink 37',5);
INSERT INTO Orders VALUES('person 48','2016-10-04','bar 18','drink 35',1);
INSERT INTO Orders VALUES('person 48','2016-10-04','bar 18','drink 43',1);
INSERT INTO Orders VALUES('person 48','2016-10-08','bar 2','drink 32',1);
INSERT INTO Orders VALUES('person 48','2016-10-08','bar 2','drink 33',7);
INSERT INTO Orders VALUES('person 48','2016-10-08','bar 2','drink 39',1);
INSERT INTO Orders VALUES('person 48','2016-10-14','bar 6','drink 7',2);
INSERT INTO Orders VALUES('person 48','2016-10-18','bar 3','drink 43',8);
INSERT INTO Orders VALUES('person 48','2016-10-18','bar 3','drink 46',3);
INSERT INTO Orders VALUES('person 48','2016-10-31','bar 6','drink 9',2);
INSERT INTO Orders VALUES('person 49','2016-10-11','bar 20','drink 38',3);
INSERT INTO Orders VALUES('person 49','2016-10-11','bar 20','drink 39',1);
INSERT INTO Orders VALUES('person 49','2016-10-11','bar 20','drink 50',2);
INSERT INTO Orders VALUES('person 49','2016-10-19','bar 6','drink 28',2);
INSERT INTO Orders VALUES('person 49','2016-10-19','bar 6','drink 7',8);
INSERT INTO Orders VALUES('person 49','2016-10-19','bar 6','drink 9',6);
INSERT INTO Orders VALUES('person 49','2016-10-03','bar 1','drink 4',4);
INSERT INTO Orders VALUES('person 49','2016-10-27','bar 2','drink 32',3);
INSERT INTO Orders VALUES('person 49','2016-10-27','bar 2','drink 39',9);
INSERT INTO Orders VALUES('person 49','2016-10-23','bar 5','drink 38',1);
INSERT INTO Orders VALUES('person 49','2016-10-26','bar 14','drink 45',11);
INSERT INTO Orders VALUES('person 50','2016-10-31','bar 4','drink 40',2);
INSERT INTO Orders VALUES('person 50','2016-10-04','bar 18','drink 35',2);
INSERT INTO Orders VALUES('person 50','2016-10-29','bar 18','drink 37',3);
INSERT INTO Orders VALUES('person 50','2016-10-27','bar 16','drink 17',2);
INSERT INTO Orders VALUES('person 50','2016-10-27','bar 16','drink 49',2);
INSERT INTO Orders VALUES('person 50','2016-10-26','bar 17','drink 23',1);
INSERT INTO Orders VALUES('person 50','2016-10-26','bar 17','drink 2',1);
INSERT INTO Orders VALUES('person 50','2016-10-01','bar 3','drink 13',1);
INSERT INTO Orders VALUES('person 50','2016-10-01','bar 3','drink 43',1);
INSERT INTO Orders VALUES('person 50','2016-10-20','bar 9','drink 4',2);
INSERT INTO Orders VALUES('person 50','2016-10-20','bar 9','drink 44',3);
INSERT INTO Orders VALUES('person 50','2016-10-20','bar 9','drink 34',2);
INSERT INTO Orders VALUES('person 50','2016-10-05','bar 6','drink 28',11);
INSERT INTO Orders VALUES('person 50','2016-10-05','bar 6','drink 7',2);
INSERT INTO Orders VALUES('person 50','2016-10-05','bar 6','drink 9',1);
INSERT INTO Orders VALUES('person 50','2016-10-02','bar 18','drink 37',1);
INSERT INTO Orders VALUES('person 50','2016-10-02','bar 18','drink 43',3);
INSERT INTO Orders VALUES('person 50','2016-10-22','bar 11','drink 42',4);
INSERT INTO Orders VALUES('person 50','2016-10-15','bar 20','drink 38',1);
INSERT INTO Orders VALUES('person 50','2016-10-15','bar 20','drink 39',1);
INSERT INTO Orders VALUES('person 50','2016-10-15','bar 20','drink 50',3);
INSERT INTO Orders VALUES('person 50','2016-10-07','bar 15','drink 13',8);
INSERT INTO Orders VALUES('person 50','2016-10-07','bar 15','drink 1',2);
INSERT INTO Orders VALUES('person 50','2016-10-09','bar 3','drink 43',5);
INSERT INTO Orders VALUES('person 50','2016-10-09','bar 3','drink 46',5);
INSERT INTO Orders VALUES('person 50','2016-10-28','bar 8','drink 40',1);
INSERT INTO Orders VALUES('person 50','2016-10-28','bar 8','drink 21',1);
INSERT INTO Orders VALUES('person 50','2016-10-06','bar 13','drink 37',3);
INSERT INTO Orders VALUES('person 50','2016-10-06','bar 13','drink 32',2);
INSERT INTO Orders VALUES('person 50','2016-10-08','bar 13','drink 37',2);
INSERT INTO Orders VALUES('person 50','2016-10-08','bar 13','drink 32',1);
INSERT INTO Orders VALUES('person 50','2016-10-30','bar 7','drink 14',1);
INSERT INTO Orders VALUES('person 50','2016-10-30','bar 7','drink 28',2);
INSERT INTO Orders VALUES('person 50','2016-10-11','bar 5','drink 25',6);
INSERT INTO Orders VALUES('person 50','2016-10-11','bar 5','drink 16',1);
INSERT INTO Orders VALUES('person 50','2016-10-24','bar 20','drink 38',1);
INSERT INTO Orders VALUES('person 50','2016-10-24','bar 20','drink 39',2);
INSERT INTO Orders VALUES('person 51','2016-10-28','bar 18','drink 35',3);
INSERT INTO Orders VALUES('person 51','2016-10-01','bar 13','drink 10',1);
INSERT INTO Orders VALUES('person 51','2016-10-01','bar 13','drink 32',5);
INSERT INTO Orders VALUES('person 51','2016-10-15','bar 14','drink 37',7);
INSERT INTO Orders VALUES('person 52','2016-10-21','bar 7','drink 15',1);
INSERT INTO Orders VALUES('person 52','2016-10-21','bar 7','drink 14',2);
INSERT INTO Orders VALUES('person 52','2016-10-21','bar 7','drink 28',1);
INSERT INTO Orders VALUES('person 52','2016-10-14','bar 7','drink 15',2);
INSERT INTO Orders VALUES('person 52','2016-10-14','bar 7','drink 14',2);
INSERT INTO Orders VALUES('person 52','2016-10-14','bar 7','drink 28',2);
INSERT INTO Orders VALUES('person 52','2016-10-15','bar 18','drink 37',8);
INSERT INTO Orders VALUES('person 52','2016-10-15','bar 18','drink 35',2);
INSERT INTO Orders VALUES('person 52','2016-10-15','bar 18','drink 43',2);
INSERT INTO Orders VALUES('person 52','2016-10-06','bar 8','drink 21',1);
INSERT INTO Orders VALUES('person 52','2016-10-06','bar 8','drink 30',4);
INSERT INTO Orders VALUES('person 53','2016-10-06','bar 10','drink 12',2);
INSERT INTO Orders VALUES('person 53','2016-10-06','bar 10','drink 27',8);
INSERT INTO Orders VALUES('person 53','2016-10-06','bar 10','drink 30',2);
INSERT INTO Orders VALUES('person 53','2016-10-18','bar 16','drink 17',2);
INSERT INTO Orders VALUES('person 53','2016-10-18','bar 16','drink 14',1);
INSERT INTO Orders VALUES('person 53','2016-10-29','bar 5','drink 38',7);
INSERT INTO Orders VALUES('person 53','2016-10-29','bar 5','drink 16',1);
INSERT INTO Orders VALUES('person 53','2016-10-09','bar 18','drink 35',3);
INSERT INTO Orders VALUES('person 53','2016-10-09','bar 18','drink 43',3);
INSERT INTO Orders VALUES('person 53','2016-10-25','bar 6','drink 28',2);
INSERT INTO Orders VALUES('person 53','2016-10-10','bar 19','drink 1',1);
INSERT INTO Orders VALUES('person 53','2016-10-10','bar 19','drink 42',1);
INSERT INTO Orders VALUES('person 53','2016-10-14','bar 4','drink 19',2);
INSERT INTO Orders VALUES('person 53','2016-10-14','bar 4','drink 41',4);
INSERT INTO Orders VALUES('person 53','2016-10-14','bar 4','drink 40',2);
INSERT INTO Orders VALUES('person 53','2016-10-28','bar 6','drink 9',1);
INSERT INTO Orders VALUES('person 53','2016-10-15','bar 3','drink 13',2);
INSERT INTO Orders VALUES('person 53','2016-10-15','bar 3','drink 43',1);
INSERT INTO Orders VALUES('person 53','2016-10-15','bar 3','drink 46',7);
INSERT INTO Orders VALUES('person 53','2016-10-22','bar 4','drink 19',1);
INSERT INTO Orders VALUES('person 53','2016-10-22','bar 4','drink 41',9);
INSERT INTO Orders VALUES('person 53','2016-10-22','bar 4','drink 40',3);
INSERT INTO Orders VALUES('person 53','2016-10-03','bar 3','drink 43',6);
INSERT INTO Orders VALUES('person 54','2016-10-04','bar 12','drink 37',2);
INSERT INTO Orders VALUES('person 54','2016-10-04','bar 12','drink 1',5);
INSERT INTO Orders VALUES('person 54','2016-10-04','bar 12','drink 34',8);
INSERT INTO Orders VALUES('person 54','2016-10-19','bar 19','drink 1',3);
INSERT INTO Orders VALUES('person 54','2016-10-19','bar 19','drink 9',3);
INSERT INTO Orders VALUES('person 54','2016-10-12','bar 3','drink 43',3);
INSERT INTO Orders VALUES('person 54','2016-10-02','bar 1','drink 40',3);
INSERT INTO Orders VALUES('person 54','2016-10-02','bar 1','drink 4',5);
INSERT INTO Orders VALUES('person 54','2016-10-02','bar 1','drink 6',2);
INSERT INTO Orders VALUES('person 54','2016-10-30','bar 4','drink 41',1);
INSERT INTO Orders VALUES('person 54','2016-10-30','bar 4','drink 40',14);
INSERT INTO Orders VALUES('person 54','2016-10-21','bar 10','drink 12',1);
INSERT INTO Orders VALUES('person 54','2016-10-21','bar 10','drink 27',1);
INSERT INTO Orders VALUES('person 54','2016-10-21','bar 10','drink 30',6);
INSERT INTO Orders VALUES('person 55','2016-10-16','bar 15','drink 13',3);
INSERT INTO Orders VALUES('person 55','2016-10-09','bar 13','drink 37',1);
INSERT INTO Orders VALUES('person 55','2016-10-09','bar 13','drink 10',2);
INSERT INTO Orders VALUES('person 55','2016-10-09','bar 13','drink 32',1);
INSERT INTO Orders VALUES('person 56','2016-10-07','bar 20','drink 38',3);
INSERT INTO Orders VALUES('person 56','2016-10-07','bar 20','drink 39',1);
INSERT INTO Orders VALUES('person 56','2016-10-24','bar 15','drink 10',9);
INSERT INTO Orders VALUES('person 56','2016-10-24','bar 15','drink 13',5);
INSERT INTO Orders VALUES('person 56','2016-10-04','bar 19','drink 1',2);
INSERT INTO Orders VALUES('person 56','2016-10-04','bar 19','drink 9',1);
INSERT INTO Orders VALUES('person 56','2016-10-04','bar 19','drink 42',2);
INSERT INTO Orders VALUES('person 56','2016-10-13','bar 5','drink 38',4);
INSERT INTO Orders VALUES('person 56','2016-10-13','bar 5','drink 16',1);
INSERT INTO Orders VALUES('person 56','2016-10-19','bar 10','drink 12',3);
INSERT INTO Orders VALUES('person 56','2016-10-10','bar 14','drink 37',3);
INSERT INTO Orders VALUES('person 56','2016-10-22','bar 19','drink 1',12);
INSERT INTO Orders VALUES('person 56','2016-10-22','bar 19','drink 42',2);
INSERT INTO Orders VALUES('person 56','2016-10-14','bar 3','drink 13',1);
INSERT INTO Orders VALUES('person 56','2016-10-14','bar 3','drink 43',2);
INSERT INTO Orders VALUES('person 56','2016-10-14','bar 3','drink 46',6);
INSERT INTO Orders VALUES('person 56','2016-10-18','bar 11','drink 42',5);
INSERT INTO Orders VALUES('person 56','2016-10-18','bar 11','drink 4',4);
INSERT INTO Orders VALUES('person 56','2016-10-12','bar 2','drink 33',4);
INSERT INTO Orders VALUES('person 56','2016-10-06','bar 6','drink 7',3);
INSERT INTO Orders VALUES('person 56','2016-10-06','bar 6','drink 9',3);
INSERT INTO Orders VALUES('person 57','2016-10-06','bar 7','drink 14',4);
INSERT INTO Orders VALUES('person 57','2016-10-24','bar 3','drink 43',2);
INSERT INTO Orders VALUES('person 57','2016-10-24','bar 3','drink 46',9);
INSERT INTO Orders VALUES('person 57','2016-10-08','bar 5','drink 16',4);
INSERT INTO Orders VALUES('person 57','2016-10-31','bar 11','drink 38',3);
INSERT INTO Orders VALUES('person 57','2016-10-31','bar 11','drink 42',3);
INSERT INTO Orders VALUES('person 57','2016-10-31','bar 11','drink 4',1);
INSERT INTO Orders VALUES('person 57','2016-10-12','bar 7','drink 15',5);
INSERT INTO Orders VALUES('person 57','2016-10-12','bar 7','drink 14',3);
INSERT INTO Orders VALUES('person 57','2016-10-12','bar 7','drink 28',7);
INSERT INTO Orders VALUES('person 57','2016-10-16','bar 20','drink 39',2);
INSERT INTO Orders VALUES('person 57','2016-10-16','bar 20','drink 50',3);
INSERT INTO Orders VALUES('person 57','2016-10-03','bar 16','drink 17',3);
INSERT INTO Orders VALUES('person 57','2016-10-03','bar 16','drink 14',1);
INSERT INTO Orders VALUES('person 57','2016-10-22','bar 10','drink 30',1);
INSERT INTO Orders VALUES('person 57','2016-10-07','bar 7','drink 15',2);
INSERT INTO Orders VALUES('person 57','2016-10-18','bar 15','drink 13',1);
INSERT INTO Orders VALUES('person 57','2016-10-18','bar 15','drink 1',1);
INSERT INTO Orders VALUES('person 57','2016-10-01','bar 15','drink 10',1);
INSERT INTO Orders VALUES('person 57','2016-10-01','bar 15','drink 13',2);
INSERT INTO Orders VALUES('person 57','2016-10-01','bar 15','drink 1',4);
INSERT INTO Orders VALUES('person 57','2016-10-17','bar 13','drink 37',3);
INSERT INTO Orders VALUES('person 57','2016-10-17','bar 13','drink 32',1);
INSERT INTO Orders VALUES('person 57','2016-10-26','bar 14','drink 45',6);
INSERT INTO Orders VALUES('person 57','2016-10-26','bar 14','drink 37',2);
INSERT INTO Orders VALUES('person 57','2016-10-26','bar 14','drink 6',2);
INSERT INTO Orders VALUES('person 57','2016-10-02','bar 7','drink 15',1);
INSERT INTO Orders VALUES('person 57','2016-10-02','bar 7','drink 14',1);
INSERT INTO Orders VALUES('person 57','2016-10-02','bar 7','drink 28',1);
INSERT INTO Orders VALUES('person 57','2016-10-20','bar 12','drink 37',2);
INSERT INTO Orders VALUES('person 57','2016-10-20','bar 12','drink 1',2);
INSERT INTO Orders VALUES('person 57','2016-10-20','bar 12','drink 34',3);
INSERT INTO Orders VALUES('person 57','2016-10-13','bar 4','drink 19',3);
INSERT INTO Orders VALUES('person 57','2016-10-05','bar 15','drink 10',2);
INSERT INTO Orders VALUES('person 57','2016-10-05','bar 15','drink 13',5);
INSERT INTO Orders VALUES('person 57','2016-10-05','bar 15','drink 1',2);
INSERT INTO Orders VALUES('person 57','2016-10-14','bar 7','drink 15',4);
INSERT INTO Orders VALUES('person 57','2016-10-14','bar 7','drink 28',2);
INSERT INTO Orders VALUES('person 57','2016-10-25','bar 13','drink 37',4);
INSERT INTO Orders VALUES('person 57','2016-10-25','bar 13','drink 10',4);
INSERT INTO Orders VALUES('person 57','2016-10-25','bar 13','drink 32',2);
INSERT INTO Orders VALUES('person 57','2016-10-11','bar 16','drink 17',5);
INSERT INTO Orders VALUES('person 57','2016-10-11','bar 16','drink 14',1);
INSERT INTO Orders VALUES('person 57','2016-10-11','bar 16','drink 49',2);
INSERT INTO Orders VALUES('person 58','2016-10-03','bar 10','drink 12',3);
INSERT INTO Orders VALUES('person 58','2016-10-03','bar 10','drink 27',5);
INSERT INTO Orders VALUES('person 58','2016-10-15','bar 16','drink 17',2);
INSERT INTO Orders VALUES('person 58','2016-10-15','bar 16','drink 14',9);
INSERT INTO Orders VALUES('person 58','2016-10-15','bar 16','drink 49',1);
INSERT INTO Orders VALUES('person 58','2016-10-02','bar 7','drink 14',1);
INSERT INTO Orders VALUES('person 58','2016-10-11','bar 1','drink 40',4);
INSERT INTO Orders VALUES('person 58','2016-10-11','bar 1','drink 4',3);
INSERT INTO Orders VALUES('person 58','2016-10-05','bar 8','drink 21',3);
INSERT INTO Orders VALUES('person 58','2016-10-05','bar 8','drink 30',2);
INSERT INTO Orders VALUES('person 58','2016-10-29','bar 4','drink 19',1);
INSERT INTO Orders VALUES('person 58','2016-10-29','bar 4','drink 41',1);
INSERT INTO Orders VALUES('person 58','2016-10-29','bar 4','drink 40',2);
INSERT INTO Orders VALUES('person 59','2016-10-03','bar 1','drink 40',3);
INSERT INTO Orders VALUES('person 59','2016-10-03','bar 1','drink 4',2);
INSERT INTO Orders VALUES('person 59','2016-10-03','bar 1','drink 6',2);
INSERT INTO Orders VALUES('person 59','2016-10-21','bar 5','drink 25',14);
INSERT INTO Orders VALUES('person 59','2016-10-26','bar 9','drink 4',4);
INSERT INTO Orders VALUES('person 59','2016-10-26','bar 9','drink 44',4);
INSERT INTO Orders VALUES('person 59','2016-10-09','bar 16','drink 17',3);
INSERT INTO Orders VALUES('person 59','2016-10-09','bar 16','drink 14',1);
INSERT INTO Orders VALUES('person 59','2016-10-09','bar 16','drink 49',2);
INSERT INTO Orders VALUES('person 59','2016-10-11','bar 19','drink 9',2);
INSERT INTO Orders VALUES('person 59','2016-10-11','bar 19','drink 42',8);
INSERT INTO Orders VALUES('person 59','2016-10-10','bar 20','drink 38',1);
INSERT INTO Orders VALUES('person 59','2016-10-10','bar 20','drink 50',1);
INSERT INTO Orders VALUES('person 60','2016-10-13','bar 19','drink 1',7);
INSERT INTO Orders VALUES('person 60','2016-10-29','bar 7','drink 15',4);
INSERT INTO Orders VALUES('person 60','2016-10-29','bar 7','drink 14',2);
INSERT INTO Orders VALUES('person 60','2016-10-29','bar 7','drink 28',22);
INSERT INTO Orders VALUES('person 60','2016-10-03','bar 3','drink 43',2);
INSERT INTO Orders VALUES('person 60','2016-10-03','bar 3','drink 46',3);
INSERT INTO Orders VALUES('person 60','2016-10-05','bar 18','drink 43',2);
INSERT INTO Orders VALUES('person 60','2016-10-16','bar 6','drink 28',1);
INSERT INTO Orders VALUES('person 60','2016-10-16','bar 6','drink 9',3);
INSERT INTO Orders VALUES('person 61','2016-10-11','bar 11','drink 38',3);
INSERT INTO Orders VALUES('person 61','2016-10-11','bar 11','drink 42',4);
INSERT INTO Orders VALUES('person 61','2016-10-11','bar 11','drink 4',2);
INSERT INTO Orders VALUES('person 61','2016-10-19','bar 20','drink 38',1);
INSERT INTO Orders VALUES('person 61','2016-10-19','bar 20','drink 39',1);
INSERT INTO Orders VALUES('person 62','2016-10-31','bar 1','drink 40',5);
INSERT INTO Orders VALUES('person 62','2016-10-31','bar 1','drink 6',3);
INSERT INTO Orders VALUES('person 62','2016-10-14','bar 5','drink 38',3);
INSERT INTO Orders VALUES('person 62','2016-10-14','bar 5','drink 25',12);
INSERT INTO Orders VALUES('person 62','2016-10-14','bar 5','drink 16',4);
INSERT INTO Orders VALUES('person 62','2016-10-07','bar 19','drink 1',4);
INSERT INTO Orders VALUES('person 62','2016-10-07','bar 19','drink 42',5);
INSERT INTO Orders VALUES('person 62','2016-10-18','bar 14','drink 37',1);
INSERT INTO Orders VALUES('person 62','2016-10-18','bar 14','drink 6',2);
INSERT INTO Orders VALUES('person 62','2016-10-17','bar 18','drink 37',1);
INSERT INTO Orders VALUES('person 62','2016-10-17','bar 18','drink 43',2);
INSERT INTO Orders VALUES('person 62','2016-10-24','bar 18','drink 37',1);
INSERT INTO Orders VALUES('person 62','2016-10-24','bar 18','drink 35',1);
INSERT INTO Orders VALUES('person 62','2016-10-24','bar 18','drink 43',1);
INSERT INTO Orders VALUES('person 62','2016-10-16','bar 20','drink 38',3);
INSERT INTO Orders VALUES('person 62','2016-10-20','bar 12','drink 37',1);
INSERT INTO Orders VALUES('person 62','2016-10-20','bar 12','drink 1',1);
INSERT INTO Orders VALUES('person 62','2016-10-20','bar 12','drink 34',3);
INSERT INTO Orders VALUES('person 62','2016-10-26','bar 11','drink 38',1);
INSERT INTO Orders VALUES('person 62','2016-10-10','bar 4','drink 19',1);
INSERT INTO Orders VALUES('person 62','2016-10-10','bar 4','drink 41',2);
INSERT INTO Orders VALUES('person 63','2016-10-18','bar 4','drink 19',7);
INSERT INTO Orders VALUES('person 63','2016-10-18','bar 4','drink 41',1);
INSERT INTO Orders VALUES('person 63','2016-10-06','bar 11','drink 38',9);
INSERT INTO Orders VALUES('person 63','2016-10-06','bar 11','drink 42',1);
INSERT INTO Orders VALUES('person 63','2016-10-06','bar 11','drink 4',1);
INSERT INTO Orders VALUES('person 63','2016-10-04','bar 8','drink 21',10);
INSERT INTO Orders VALUES('person 63','2016-10-04','bar 8','drink 30',3);
INSERT INTO Orders VALUES('person 63','2016-10-08','bar 5','drink 16',4);
INSERT INTO Orders VALUES('person 64','2016-10-22','bar 16','drink 17',1);
INSERT INTO Orders VALUES('person 64','2016-10-22','bar 16','drink 49',9);
INSERT INTO Orders VALUES('person 64','2016-10-26','bar 12','drink 37',2);
INSERT INTO Orders VALUES('person 64','2016-10-26','bar 12','drink 1',1);
INSERT INTO Orders VALUES('person 64','2016-10-26','bar 12','drink 34',1);
INSERT INTO Orders VALUES('person 64','2016-10-10','bar 14','drink 37',2);
INSERT INTO Orders VALUES('person 64','2016-10-10','bar 14','drink 6',1);
INSERT INTO Orders VALUES('person 64','2016-10-01','bar 7','drink 14',5);
INSERT INTO Orders VALUES('person 64','2016-10-01','bar 7','drink 28',2);
INSERT INTO Orders VALUES('person 64','2016-10-31','bar 19','drink 1',3);
INSERT INTO Orders VALUES('person 64','2016-10-31','bar 19','drink 9',6);
INSERT INTO Orders VALUES('person 64','2016-10-31','bar 19','drink 42',5);
INSERT INTO Orders VALUES('person 64','2016-10-07','bar 1','drink 40',8);
INSERT INTO Orders VALUES('person 64','2016-10-07','bar 1','drink 6',1);
INSERT INTO Orders VALUES('person 64','2016-10-13','bar 3','drink 13',2);
INSERT INTO Orders VALUES('person 64','2016-10-13','bar 3','drink 43',7);
INSERT INTO Orders VALUES('person 64','2016-10-13','bar 3','drink 46',3);
INSERT INTO Orders VALUES('person 65','2016-10-02','bar 20','drink 38',2);
INSERT INTO Orders VALUES('person 65','2016-10-02','bar 20','drink 50',12);
INSERT INTO Orders VALUES('person 65','2016-10-05','bar 15','drink 10',1);
INSERT INTO Orders VALUES('person 65','2016-10-05','bar 15','drink 13',4);
INSERT INTO Orders VALUES('person 65','2016-10-05','bar 15','drink 1',5);
INSERT INTO Orders VALUES('person 65','2016-10-24','bar 8','drink 40',3);
INSERT INTO Orders VALUES('person 65','2016-10-24','bar 8','drink 21',4);
INSERT INTO Orders VALUES('person 65','2016-10-14','bar 5','drink 38',6);
INSERT INTO Orders VALUES('person 65','2016-10-14','bar 5','drink 25',4);
INSERT INTO Orders VALUES('person 65','2016-10-14','bar 5','drink 16',1);
INSERT INTO Orders VALUES('person 65','2016-10-07','bar 14','drink 45',5);
INSERT INTO Orders VALUES('person 65','2016-10-07','bar 14','drink 37',5);
INSERT INTO Orders VALUES('person 65','2016-10-01','bar 14','drink 37',2);
INSERT INTO Orders VALUES('person 65','2016-10-30','bar 5','drink 38',1);
INSERT INTO Orders VALUES('person 65','2016-10-30','bar 5','drink 25',3);
INSERT INTO Orders VALUES('person 65','2016-10-30','bar 5','drink 16',3);
INSERT INTO Orders VALUES('person 65','2016-10-23','bar 18','drink 35',1);
INSERT INTO Orders VALUES('person 65','2016-10-18','bar 13','drink 10',1);
INSERT INTO Orders VALUES('person 65','2016-10-18','bar 13','drink 32',1);
INSERT INTO Orders VALUES('person 66','2016-10-01','bar 12','drink 37',4);
INSERT INTO Orders VALUES('person 66','2016-10-01','bar 12','drink 1',3);
INSERT INTO Orders VALUES('person 66','2016-10-01','bar 12','drink 34',3);
INSERT INTO Orders VALUES('person 66','2016-10-02','bar 9','drink 34',3);
INSERT INTO Orders VALUES('person 66','2016-10-13','bar 12','drink 1',1);
INSERT INTO Orders VALUES('person 66','2016-10-13','bar 12','drink 34',2);
INSERT INTO Orders VALUES('person 66','2016-10-31','bar 15','drink 10',2);
INSERT INTO Orders VALUES('person 66','2016-10-31','bar 15','drink 13',2);
INSERT INTO Orders VALUES('person 66','2016-10-31','bar 15','drink 1',1);
INSERT INTO Orders VALUES('person 66','2016-10-26','bar 16','drink 49',1);
INSERT INTO Orders VALUES('person 66','2016-10-29','bar 7','drink 14',1);
INSERT INTO Orders VALUES('person 66','2016-10-29','bar 7','drink 28',4);
INSERT INTO Orders VALUES('person 66','2016-10-22','bar 18','drink 43',2);
INSERT INTO Orders VALUES('person 66','2016-10-20','bar 20','drink 38',3);
INSERT INTO Orders VALUES('person 66','2016-10-20','bar 20','drink 39',1);
INSERT INTO Orders VALUES('person 66','2016-10-20','bar 20','drink 50',1);
INSERT INTO Orders VALUES('person 66','2016-10-28','bar 4','drink 41',3);
INSERT INTO Orders VALUES('person 66','2016-10-28','bar 4','drink 40',3);
INSERT INTO Orders VALUES('person 66','2016-10-17','bar 1','drink 4',9);
INSERT INTO Orders VALUES('person 66','2016-10-17','bar 1','drink 6',1);
INSERT INTO Orders VALUES('person 66','2016-10-10','bar 16','drink 17',11);
INSERT INTO Orders VALUES('person 66','2016-10-10','bar 16','drink 14',1);
INSERT INTO Orders VALUES('person 67','2016-10-31','bar 1','drink 40',3);
INSERT INTO Orders VALUES('person 67','2016-10-31','bar 1','drink 4',1);
INSERT INTO Orders VALUES('person 67','2016-10-31','bar 1','drink 6',3);
INSERT INTO Orders VALUES('person 67','2016-10-08','bar 19','drink 1',2);
INSERT INTO Orders VALUES('person 67','2016-10-08','bar 19','drink 9',2);
INSERT INTO Orders VALUES('person 67','2016-10-08','bar 19','drink 42',1);
INSERT INTO Orders VALUES('person 67','2016-10-15','bar 19','drink 1',1);
INSERT INTO Orders VALUES('person 67','2016-10-15','bar 19','drink 9',19);
INSERT INTO Orders VALUES('person 67','2016-10-19','bar 10','drink 12',2);
INSERT INTO Orders VALUES('person 67','2016-10-19','bar 10','drink 27',3);
INSERT INTO Orders VALUES('person 67','2016-10-19','bar 10','drink 30',2);
INSERT INTO Orders VALUES('person 67','2016-10-04','bar 11','drink 38',3);
INSERT INTO Orders VALUES('person 67','2016-10-04','bar 11','drink 42',2);
INSERT INTO Orders VALUES('person 67','2016-10-04','bar 11','drink 4',1);
INSERT INTO Orders VALUES('person 67','2016-10-23','bar 6','drink 28',7);
INSERT INTO Orders VALUES('person 67','2016-10-23','bar 6','drink 9',5);
INSERT INTO Orders VALUES('person 68','2016-10-14','bar 14','drink 45',1);
INSERT INTO Orders VALUES('person 68','2016-10-14','bar 14','drink 37',10);
INSERT INTO Orders VALUES('person 68','2016-10-14','bar 14','drink 6',3);
INSERT INTO Orders VALUES('person 68','2016-10-04','bar 11','drink 4',5);
INSERT INTO Orders VALUES('person 68','2016-10-06','bar 4','drink 41',3);
INSERT INTO Orders VALUES('person 68','2016-10-06','bar 4','drink 40',11);
INSERT INTO Orders VALUES('person 69','2016-10-26','bar 8','drink 40',2);
INSERT INTO Orders VALUES('person 69','2016-10-26','bar 8','drink 21',3);
INSERT INTO Orders VALUES('person 69','2016-10-26','bar 8','drink 30',4);
INSERT INTO Orders VALUES('person 69','2016-10-07','bar 6','drink 28',4);
INSERT INTO Orders VALUES('person 69','2016-10-24','bar 17','drink 28',9);
INSERT INTO Orders VALUES('person 69','2016-10-24','bar 17','drink 2',1);
INSERT INTO Orders VALUES('person 69','2016-10-09','bar 20','drink 38',1);
INSERT INTO Orders VALUES('person 69','2016-10-05','bar 1','drink 4',4);
INSERT INTO Orders VALUES('person 69','2016-10-05','bar 1','drink 6',1);
INSERT INTO Orders VALUES('person 70','2016-10-03','bar 19','drink 1',1);
INSERT INTO Orders VALUES('person 70','2016-10-03','bar 19','drink 42',1);
INSERT INTO Orders VALUES('person 71','2016-10-07','bar 5','drink 38',1);
INSERT INTO Orders VALUES('person 71','2016-10-07','bar 5','drink 25',3);
INSERT INTO Orders VALUES('person 71','2016-10-07','bar 5','drink 16',5);
INSERT INTO Orders VALUES('person 71','2016-10-27','bar 5','drink 38',6);
INSERT INTO Orders VALUES('person 71','2016-10-27','bar 5','drink 25',6);
INSERT INTO Orders VALUES('person 71','2016-10-27','bar 5','drink 16',1);
INSERT INTO Orders VALUES('person 72','2016-10-17','bar 18','drink 37',2);
INSERT INTO Orders VALUES('person 72','2016-10-17','bar 18','drink 35',3);
INSERT INTO Orders VALUES('person 72','2016-10-31','bar 10','drink 27',1);
INSERT INTO Orders VALUES('person 72','2016-10-31','bar 10','drink 30',4);
INSERT INTO Orders VALUES('person 72','2016-10-11','bar 15','drink 10',2);
INSERT INTO Orders VALUES('person 72','2016-10-11','bar 15','drink 1',1);
INSERT INTO Orders VALUES('person 72','2016-10-20','bar 6','drink 28',3);
INSERT INTO Orders VALUES('person 72','2016-10-23','bar 7','drink 15',14);
INSERT INTO Orders VALUES('person 72','2016-10-23','bar 7','drink 28',1);
INSERT INTO Orders VALUES('person 72','2016-10-10','bar 5','drink 25',1);
INSERT INTO Orders VALUES('person 72','2016-10-07','bar 18','drink 37',4);
INSERT INTO Orders VALUES('person 72','2016-10-07','bar 18','drink 43',17);
INSERT INTO Orders VALUES('person 72','2016-10-27','bar 6','drink 7',3);
INSERT INTO Orders VALUES('person 72','2016-10-27','bar 6','drink 9',4);
INSERT INTO Orders VALUES('person 72','2016-10-25','bar 19','drink 9',1);
INSERT INTO Orders VALUES('person 72','2016-10-22','bar 8','drink 40',2);
INSERT INTO Orders VALUES('person 72','2016-10-22','bar 8','drink 21',2);
INSERT INTO Orders VALUES('person 72','2016-10-22','bar 8','drink 30',4);
INSERT INTO Orders VALUES('person 73','2016-10-14','bar 7','drink 15',3);
INSERT INTO Orders VALUES('person 73','2016-10-26','bar 1','drink 40',2);
INSERT INTO Orders VALUES('person 73','2016-10-26','bar 1','drink 6',6);
INSERT INTO Orders VALUES('person 73','2016-10-30','bar 16','drink 17',4);
INSERT INTO Orders VALUES('person 73','2016-10-30','bar 16','drink 49',3);
INSERT INTO Orders VALUES('person 73','2016-10-21','bar 13','drink 32',1);
INSERT INTO Orders VALUES('person 74','2016-10-26','bar 7','drink 28',2);
INSERT INTO Orders VALUES('person 74','2016-10-09','bar 2','drink 32',1);
INSERT INTO Orders VALUES('person 74','2016-10-09','bar 2','drink 33',2);
INSERT INTO Orders VALUES('person 74','2016-10-09','bar 2','drink 39',3);
INSERT INTO Orders VALUES('person 74','2016-10-15','bar 9','drink 4',3);
INSERT INTO Orders VALUES('person 74','2016-10-15','bar 9','drink 44',1);
INSERT INTO Orders VALUES('person 74','2016-10-15','bar 9','drink 34',1);
INSERT INTO Orders VALUES('person 74','2016-10-31','bar 12','drink 1',3);
INSERT INTO Orders VALUES('person 74','2016-10-31','bar 12','drink 34',5);
INSERT INTO Orders VALUES('person 74','2016-10-01','bar 7','drink 15',1);
INSERT INTO Orders VALUES('person 74','2016-10-01','bar 7','drink 14',2);
INSERT INTO Orders VALUES('person 74','2016-10-30','bar 12','drink 37',18);
INSERT INTO Orders VALUES('person 74','2016-10-30','bar 12','drink 34',1);
INSERT INTO Orders VALUES('person 74','2016-10-08','bar 19','drink 1',2);
INSERT INTO Orders VALUES('person 74','2016-10-08','bar 19','drink 9',2);
INSERT INTO Orders VALUES('person 74','2016-10-08','bar 19','drink 42',5);
INSERT INTO Orders VALUES('person 74','2016-10-29','bar 9','drink 44',4);
INSERT INTO Orders VALUES('person 74','2016-10-23','bar 14','drink 45',2);
INSERT INTO Orders VALUES('person 74','2016-10-23','bar 14','drink 37',3);
INSERT INTO Orders VALUES('person 74','2016-10-05','bar 6','drink 7',6);
INSERT INTO Orders VALUES('person 74','2016-10-05','bar 6','drink 9',3);
INSERT INTO Orders VALUES('person 74','2016-10-19','bar 4','drink 19',2);
INSERT INTO Orders VALUES('person 74','2016-10-19','bar 4','drink 41',5);
INSERT INTO Orders VALUES('person 74','2016-10-19','bar 4','drink 40',1);
INSERT INTO Orders VALUES('person 75','2016-10-26','bar 12','drink 34',2);
INSERT INTO Orders VALUES('person 75','2016-10-17','bar 13','drink 37',1);
INSERT INTO Orders VALUES('person 75','2016-10-17','bar 13','drink 10',2);
INSERT INTO Orders VALUES('person 75','2016-10-04','bar 10','drink 12',3);
INSERT INTO Orders VALUES('person 75','2016-10-04','bar 10','drink 30',2);
INSERT INTO Orders VALUES('person 75','2016-10-20','bar 15','drink 13',5);
INSERT INTO Orders VALUES('person 75','2016-10-20','bar 15','drink 1',2);
INSERT INTO Orders VALUES('person 75','2016-10-05','bar 10','drink 27',1);
INSERT INTO Orders VALUES('person 75','2016-10-05','bar 10','drink 30',1);
INSERT INTO Orders VALUES('person 75','2016-10-16','bar 14','drink 45',10);
INSERT INTO Orders VALUES('person 75','2016-10-16','bar 14','drink 37',1);
INSERT INTO Orders VALUES('person 75','2016-10-16','bar 14','drink 6',1);
INSERT INTO Orders VALUES('person 76','2016-10-07','bar 4','drink 41',5);
INSERT INTO Orders VALUES('person 76','2016-10-01','bar 4','drink 41',3);
INSERT INTO Orders VALUES('person 76','2016-10-01','bar 4','drink 40',2);
INSERT INTO Orders VALUES('person 77','2016-10-14','bar 14','drink 45',2);
INSERT INTO Orders VALUES('person 77','2016-10-14','bar 14','drink 37',8);
INSERT INTO Orders VALUES('person 77','2016-10-14','bar 14','drink 6',1);
INSERT INTO Orders VALUES('person 77','2016-10-22','bar 15','drink 10',4);
INSERT INTO Orders VALUES('person 77','2016-10-22','bar 15','drink 13',3);
INSERT INTO Orders VALUES('person 77','2016-10-15','bar 18','drink 37',1);
INSERT INTO Orders VALUES('person 77','2016-10-15','bar 18','drink 35',2);
INSERT INTO Orders VALUES('person 77','2016-10-15','bar 18','drink 43',4);
INSERT INTO Orders VALUES('person 77','2016-10-16','bar 9','drink 4',5);
INSERT INTO Orders VALUES('person 77','2016-10-16','bar 9','drink 34',5);
INSERT INTO Orders VALUES('person 77','2016-10-23','bar 5','drink 38',1);
INSERT INTO Orders VALUES('person 77','2016-10-23','bar 5','drink 16',6);
INSERT INTO Orders VALUES('person 77','2016-10-10','bar 2','drink 33',4);
INSERT INTO Orders VALUES('person 77','2016-10-25','bar 9','drink 4',7);
INSERT INTO Orders VALUES('person 77','2016-10-25','bar 9','drink 44',1);
INSERT INTO Orders VALUES('person 77','2016-10-25','bar 9','drink 34',1);
INSERT INTO Orders VALUES('person 77','2016-10-13','bar 16','drink 17',1);
INSERT INTO Orders VALUES('person 77','2016-10-13','bar 16','drink 14',3);
INSERT INTO Orders VALUES('person 77','2016-10-30','bar 13','drink 37',5);
INSERT INTO Orders VALUES('person 77','2016-10-30','bar 13','drink 32',4);
INSERT INTO Orders VALUES('person 77','2016-10-09','bar 2','drink 32',1);
INSERT INTO Orders VALUES('person 77','2016-10-09','bar 2','drink 39',1);
INSERT INTO Orders VALUES('person 77','2016-10-20','bar 16','drink 14',3);
INSERT INTO Orders VALUES('person 77','2016-10-20','bar 16','drink 49',1);
INSERT INTO Orders VALUES('person 78','2016-10-26','bar 7','drink 15',1);
INSERT INTO Orders VALUES('person 78','2016-10-26','bar 7','drink 28',1);
INSERT INTO Orders VALUES('person 78','2016-10-29','bar 8','drink 21',3);
INSERT INTO Orders VALUES('person 78','2016-10-09','bar 20','drink 38',2);
INSERT INTO Orders VALUES('person 78','2016-10-09','bar 20','drink 39',5);
INSERT INTO Orders VALUES('person 78','2016-10-09','bar 20','drink 50',1);
INSERT INTO Orders VALUES('person 78','2016-10-05','bar 18','drink 37',4);
INSERT INTO Orders VALUES('person 78','2016-10-05','bar 18','drink 35',11);
INSERT INTO Orders VALUES('person 78','2016-10-05','bar 18','drink 43',5);
INSERT INTO Orders VALUES('person 78','2016-10-23','bar 7','drink 28',1);
INSERT INTO Orders VALUES('person 78','2016-10-14','bar 16','drink 17',4);
INSERT INTO Orders VALUES('person 78','2016-10-14','bar 16','drink 14',7);
INSERT INTO Orders VALUES('person 78','2016-10-14','bar 16','drink 49',5);
INSERT INTO Orders VALUES('person 78','2016-10-07','bar 13','drink 32',1);
INSERT INTO Orders VALUES('person 78','2016-10-08','bar 18','drink 37',1);
INSERT INTO Orders VALUES('person 78','2016-10-08','bar 18','drink 43',4);
INSERT INTO Orders VALUES('person 78','2016-10-06','bar 7','drink 15',1);
INSERT INTO Orders VALUES('person 78','2016-10-06','bar 7','drink 14',3);
INSERT INTO Orders VALUES('person 78','2016-10-06','bar 7','drink 28',2);
INSERT INTO Orders VALUES('person 79','2016-10-14','bar 6','drink 28',3);
INSERT INTO Orders VALUES('person 79','2016-10-14','bar 6','drink 7',2);
INSERT INTO Orders VALUES('person 79','2016-10-14','bar 6','drink 9',1);
INSERT INTO Orders VALUES('person 79','2016-10-04','bar 6','drink 28',1);
INSERT INTO Orders VALUES('person 79','2016-10-04','bar 6','drink 7',5);
INSERT INTO Orders VALUES('person 79','2016-10-04','bar 6','drink 9',1);
INSERT INTO Orders VALUES('person 80','2016-10-31','bar 9','drink 4',2);
INSERT INTO Orders VALUES('person 80','2016-10-31','bar 9','drink 44',1);
INSERT INTO Orders VALUES('person 80','2016-10-28','bar 18','drink 37',1);
INSERT INTO Orders VALUES('person 80','2016-10-28','bar 18','drink 35',3);
INSERT INTO Orders VALUES('person 80','2016-10-28','bar 18','drink 43',6);
INSERT INTO Orders VALUES('person 80','2016-10-27','bar 15','drink 13',1);
INSERT INTO Orders VALUES('person 81','2016-10-31','bar 8','drink 40',8);
INSERT INTO Orders VALUES('person 81','2016-10-31','bar 8','drink 21',6);
INSERT INTO Orders VALUES('person 81','2016-10-31','bar 8','drink 30',3);
INSERT INTO Orders VALUES('person 81','2016-10-22','bar 7','drink 28',6);
INSERT INTO Orders VALUES('person 81','2016-10-16','bar 17','drink 28',2);
INSERT INTO Orders VALUES('person 81','2016-10-16','bar 17','drink 2',1);
INSERT INTO Orders VALUES('person 81','2016-10-02','bar 16','drink 17',1);
INSERT INTO Orders VALUES('person 81','2016-10-02','bar 16','drink 14',1);
INSERT INTO Orders VALUES('person 81','2016-10-02','bar 16','drink 49',1);
INSERT INTO Orders VALUES('person 81','2016-10-10','bar 2','drink 33',2);
INSERT INTO Orders VALUES('person 81','2016-10-10','bar 2','drink 39',1);
INSERT INTO Orders VALUES('person 81','2016-10-18','bar 9','drink 4',3);
INSERT INTO Orders VALUES('person 81','2016-10-18','bar 9','drink 44',1);
INSERT INTO Orders VALUES('person 81','2016-10-08','bar 16','drink 17',1);
INSERT INTO Orders VALUES('person 81','2016-10-08','bar 16','drink 14',1);
INSERT INTO Orders VALUES('person 81','2016-10-03','bar 9','drink 4',2);
INSERT INTO Orders VALUES('person 81','2016-10-03','bar 9','drink 44',4);
INSERT INTO Orders VALUES('person 81','2016-10-03','bar 9','drink 34',7);
INSERT INTO Orders VALUES('person 81','2016-10-28','bar 19','drink 1',1);
INSERT INTO Orders VALUES('person 81','2016-10-28','bar 19','drink 9',3);
INSERT INTO Orders VALUES('person 81','2016-10-28','bar 19','drink 42',1);
INSERT INTO Orders VALUES('person 81','2016-10-21','bar 19','drink 42',1);
INSERT INTO Orders VALUES('person 81','2016-10-30','bar 2','drink 32',3);
INSERT INTO Orders VALUES('person 81','2016-10-30','bar 2','drink 33',2);
INSERT INTO Orders VALUES('person 81','2016-10-29','bar 12','drink 37',6);
INSERT INTO Orders VALUES('person 81','2016-10-05','bar 17','drink 23',2);
INSERT INTO Orders VALUES('person 81','2016-10-05','bar 17','drink 2',1);
INSERT INTO Orders VALUES('person 81','2016-10-12','bar 2','drink 32',4);
INSERT INTO Orders VALUES('person 81','2016-10-12','bar 2','drink 33',6);
INSERT INTO Orders VALUES('person 81','2016-10-20','bar 6','drink 7',6);
INSERT INTO Orders VALUES('person 81','2016-10-20','bar 6','drink 9',3);
INSERT INTO Orders VALUES('person 81','2016-10-15','bar 15','drink 10',1);
INSERT INTO Orders VALUES('person 81','2016-10-15','bar 15','drink 13',2);
INSERT INTO Orders VALUES('person 81','2016-10-15','bar 15','drink 1',2);
INSERT INTO Orders VALUES('person 81','2016-10-13','bar 17','drink 28',7);
INSERT INTO Orders VALUES('person 81','2016-10-07','bar 17','drink 28',1);
INSERT INTO Orders VALUES('person 81','2016-10-07','bar 17','drink 2',1);
INSERT INTO Orders VALUES('person 82','2016-10-04','bar 10','drink 12',8);
INSERT INTO Orders VALUES('person 82','2016-10-04','bar 10','drink 27',1);
INSERT INTO Orders VALUES('person 82','2016-10-04','bar 10','drink 30',1);
INSERT INTO Orders VALUES('person 82','2016-10-03','bar 14','drink 45',4);
INSERT INTO Orders VALUES('person 82','2016-10-03','bar 14','drink 6',1);
INSERT INTO Orders VALUES('person 82','2016-10-26','bar 18','drink 37',6);
INSERT INTO Orders VALUES('person 82','2016-10-26','bar 18','drink 35',1);
INSERT INTO Orders VALUES('person 82','2016-10-28','bar 6','drink 28',2);
INSERT INTO Orders VALUES('person 82','2016-10-28','bar 6','drink 9',1);
INSERT INTO Orders VALUES('person 82','2016-10-08','bar 3','drink 43',2);
INSERT INTO Orders VALUES('person 82','2016-10-07','bar 7','drink 14',1);
INSERT INTO Orders VALUES('person 82','2016-10-07','bar 7','drink 28',1);
INSERT INTO Orders VALUES('person 83','2016-10-22','bar 14','drink 45',5);
INSERT INTO Orders VALUES('person 83','2016-10-22','bar 14','drink 37',5);
INSERT INTO Orders VALUES('person 83','2016-10-22','bar 14','drink 6',2);
INSERT INTO Orders VALUES('person 83','2016-10-19','bar 13','drink 32',5);
INSERT INTO Orders VALUES('person 83','2016-10-06','bar 19','drink 1',1);
INSERT INTO Orders VALUES('person 83','2016-10-17','bar 20','drink 39',1);
INSERT INTO Orders VALUES('person 83','2016-10-11','bar 10','drink 12',2);
INSERT INTO Orders VALUES('person 83','2016-10-11','bar 10','drink 27',1);
INSERT INTO Orders VALUES('person 83','2016-10-11','bar 10','drink 30',5);
INSERT INTO Orders VALUES('person 83','2016-10-18','bar 14','drink 45',3);
INSERT INTO Orders VALUES('person 83','2016-10-18','bar 14','drink 37',5);
INSERT INTO Orders VALUES('person 83','2016-10-18','bar 14','drink 6',1);
INSERT INTO Orders VALUES('person 83','2016-10-15','bar 10','drink 12',1);
INSERT INTO Orders VALUES('person 83','2016-10-15','bar 10','drink 27',4);
INSERT INTO Orders VALUES('person 83','2016-10-15','bar 10','drink 30',3);
INSERT INTO Orders VALUES('person 83','2016-10-27','bar 11','drink 38',2);
INSERT INTO Orders VALUES('person 83','2016-10-09','bar 19','drink 1',2);
INSERT INTO Orders VALUES('person 83','2016-10-09','bar 19','drink 9',5);
INSERT INTO Orders VALUES('person 83','2016-10-09','bar 19','drink 42',2);
INSERT INTO Orders VALUES('person 83','2016-10-29','bar 19','drink 1',2);
INSERT INTO Orders VALUES('person 83','2016-10-29','bar 19','drink 9',5);
INSERT INTO Orders VALUES('person 83','2016-10-29','bar 19','drink 42',3);
INSERT INTO Orders VALUES('person 84','2016-10-15','bar 4','drink 19',1);
INSERT INTO Orders VALUES('person 84','2016-10-15','bar 4','drink 41',1);
INSERT INTO Orders VALUES('person 84','2016-10-15','bar 4','drink 40',1);
INSERT INTO Orders VALUES('person 84','2016-10-26','bar 20','drink 50',3);
INSERT INTO Orders VALUES('person 84','2016-10-06','bar 3','drink 13',4);
INSERT INTO Orders VALUES('person 84','2016-10-06','bar 3','drink 43',1);
INSERT INTO Orders VALUES('person 84','2016-10-06','bar 3','drink 46',1);
INSERT INTO Orders VALUES('person 84','2016-10-12','bar 9','drink 4',2);
INSERT INTO Orders VALUES('person 84','2016-10-12','bar 9','drink 44',2);
INSERT INTO Orders VALUES('person 84','2016-10-12','bar 9','drink 34',1);
INSERT INTO Orders VALUES('person 84','2016-10-19','bar 18','drink 35',1);
INSERT INTO Orders VALUES('person 84','2016-10-19','bar 18','drink 43',2);
INSERT INTO Orders VALUES('person 84','2016-10-02','bar 14','drink 45',1);
INSERT INTO Orders VALUES('person 84','2016-10-02','bar 14','drink 37',6);
INSERT INTO Orders VALUES('person 84','2016-10-02','bar 14','drink 6',4);
INSERT INTO Orders VALUES('person 84','2016-10-27','bar 18','drink 35',1);
INSERT INTO Orders VALUES('person 84','2016-10-27','bar 18','drink 43',4);
INSERT INTO Orders VALUES('person 84','2016-10-28','bar 19','drink 1',3);
INSERT INTO Orders VALUES('person 84','2016-10-14','bar 15','drink 10',3);
INSERT INTO Orders VALUES('person 84','2016-10-14','bar 15','drink 1',3);
INSERT INTO Orders VALUES('person 84','2016-10-30','bar 16','drink 14',2);
INSERT INTO Orders VALUES('person 84','2016-10-08','bar 17','drink 23',2);
INSERT INTO Orders VALUES('person 84','2016-10-08','bar 17','drink 2',1);
INSERT INTO Orders VALUES('person 85','2016-10-05','bar 20','drink 39',1);
INSERT INTO Orders VALUES('person 85','2016-10-05','bar 20','drink 50',6);
INSERT INTO Orders VALUES('person 85','2016-10-12','bar 4','drink 19',1);
INSERT INTO Orders VALUES('person 85','2016-10-12','bar 4','drink 41',2);
INSERT INTO Orders VALUES('person 85','2016-10-12','bar 4','drink 40',2);
INSERT INTO Orders VALUES('person 85','2016-10-31','bar 14','drink 37',5);
INSERT INTO Orders VALUES('person 85','2016-10-08','bar 18','drink 35',1);
INSERT INTO Orders VALUES('person 85','2016-10-08','bar 18','drink 43',2);
INSERT INTO Orders VALUES('person 86','2016-10-13','bar 1','drink 40',1);
INSERT INTO Orders VALUES('person 86','2016-10-13','bar 1','drink 4',6);
INSERT INTO Orders VALUES('person 86','2016-10-08','bar 17','drink 28',6);
INSERT INTO Orders VALUES('person 86','2016-10-22','bar 18','drink 37',1);
INSERT INTO Orders VALUES('person 86','2016-10-01','bar 12','drink 1',4);
INSERT INTO Orders VALUES('person 86','2016-10-01','bar 12','drink 34',1);
INSERT INTO Orders VALUES('person 86','2016-10-05','bar 2','drink 32',3);
INSERT INTO Orders VALUES('person 86','2016-10-05','bar 2','drink 39',1);
INSERT INTO Orders VALUES('person 86','2016-10-26','bar 14','drink 45',1);
INSERT INTO Orders VALUES('person 86','2016-10-26','bar 14','drink 37',1);
INSERT INTO Orders VALUES('person 86','2016-10-04','bar 15','drink 10',7);
INSERT INTO Orders VALUES('person 86','2016-10-04','bar 15','drink 13',1);
INSERT INTO Orders VALUES('person 86','2016-10-31','bar 9','drink 4',12);
INSERT INTO Orders VALUES('person 86','2016-10-23','bar 20','drink 38',2);
INSERT INTO Orders VALUES('person 86','2016-10-23','bar 20','drink 39',5);
INSERT INTO Orders VALUES('person 86','2016-10-20','bar 12','drink 37',7);
INSERT INTO Orders VALUES('person 86','2016-10-20','bar 12','drink 1',5);
INSERT INTO Orders VALUES('person 86','2016-10-20','bar 12','drink 34',2);
INSERT INTO Orders VALUES('person 86','2016-10-10','bar 5','drink 25',5);
INSERT INTO Orders VALUES('person 86','2016-10-30','bar 10','drink 12',3);
INSERT INTO Orders VALUES('person 86','2016-10-30','bar 10','drink 27',7);
INSERT INTO Orders VALUES('person 86','2016-10-30','bar 10','drink 30',2);
INSERT INTO Orders VALUES('person 86','2016-10-03','bar 16','drink 17',2);
INSERT INTO Orders VALUES('person 86','2016-10-03','bar 16','drink 49',2);
INSERT INTO Orders VALUES('person 86','2016-10-24','bar 12','drink 37',5);
INSERT INTO Orders VALUES('person 86','2016-10-28','bar 16','drink 14',4);
INSERT INTO Orders VALUES('person 86','2016-10-28','bar 16','drink 49',9);
INSERT INTO Orders VALUES('person 86','2016-10-25','bar 1','drink 4',2);
INSERT INTO Orders VALUES('person 86','2016-10-25','bar 1','drink 6',2);
INSERT INTO Orders VALUES('person 87','2016-10-12','bar 13','drink 37',2);
INSERT INTO Orders VALUES('person 87','2016-10-12','bar 13','drink 10',3);
INSERT INTO Orders VALUES('person 87','2016-10-12','bar 13','drink 32',2);
INSERT INTO Orders VALUES('person 87','2016-10-24','bar 12','drink 37',3);
INSERT INTO Orders VALUES('person 87','2016-10-24','bar 12','drink 1',4);
INSERT INTO Orders VALUES('person 87','2016-10-24','bar 12','drink 34',11);
INSERT INTO Orders VALUES('person 87','2016-10-10','bar 2','drink 32',2);
INSERT INTO Orders VALUES('person 87','2016-10-10','bar 2','drink 39',1);
INSERT INTO Orders VALUES('person 87','2016-10-17','bar 6','drink 9',3);
INSERT INTO Orders VALUES('person 87','2016-10-01','bar 12','drink 37',3);
INSERT INTO Orders VALUES('person 87','2016-10-13','bar 17','drink 23',1);
INSERT INTO Orders VALUES('person 87','2016-10-13','bar 17','drink 28',12);
INSERT INTO Orders VALUES('person 87','2016-10-13','bar 17','drink 2',7);
INSERT INTO Orders VALUES('person 87','2016-10-19','bar 11','drink 38',1);
INSERT INTO Orders VALUES('person 87','2016-10-19','bar 11','drink 42',1);
INSERT INTO Orders VALUES('person 87','2016-10-19','bar 11','drink 4',2);
INSERT INTO Orders VALUES('person 88','2016-10-03','bar 2','drink 32',2);
INSERT INTO Orders VALUES('person 88','2016-10-03','bar 2','drink 39',2);
INSERT INTO Orders VALUES('person 89','2016-10-01','bar 19','drink 1',5);
INSERT INTO Orders VALUES('person 89','2016-10-01','bar 19','drink 9',1);
INSERT INTO Orders VALUES('person 89','2016-10-01','bar 19','drink 42',3);
INSERT INTO Orders VALUES('person 89','2016-10-11','bar 15','drink 10',1);
INSERT INTO Orders VALUES('person 89','2016-10-11','bar 15','drink 13',5);
INSERT INTO Orders VALUES('person 89','2016-10-11','bar 15','drink 1',1);
INSERT INTO Orders VALUES('person 89','2016-10-14','bar 4','drink 41',1);
INSERT INTO Orders VALUES('person 89','2016-10-14','bar 4','drink 40',4);
INSERT INTO Orders VALUES('person 89','2016-10-23','bar 8','drink 30',2);
INSERT INTO Orders VALUES('person 89','2016-10-21','bar 3','drink 43',1);
INSERT INTO Orders VALUES('person 89','2016-10-21','bar 3','drink 46',14);
INSERT INTO Orders VALUES('person 89','2016-10-30','bar 15','drink 13',5);
INSERT INTO Orders VALUES('person 89','2016-10-26','bar 14','drink 37',4);
INSERT INTO Orders VALUES('person 89','2016-10-26','bar 14','drink 6',9);
INSERT INTO Orders VALUES('person 89','2016-10-13','bar 4','drink 41',4);
INSERT INTO Orders VALUES('person 89','2016-10-12','bar 20','drink 38',2);
INSERT INTO Orders VALUES('person 89','2016-10-12','bar 20','drink 39',5);
INSERT INTO Orders VALUES('person 89','2016-10-12','bar 20','drink 50',6);
INSERT INTO Orders VALUES('person 90','2016-10-17','bar 16','drink 17',3);
INSERT INTO Orders VALUES('person 90','2016-10-17','bar 16','drink 14',2);
INSERT INTO Orders VALUES('person 90','2016-10-12','bar 19','drink 42',1);
INSERT INTO Orders VALUES('person 90','2016-10-08','bar 20','drink 38',4);
INSERT INTO Orders VALUES('person 90','2016-10-08','bar 20','drink 39',3);
INSERT INTO Orders VALUES('person 90','2016-10-27','bar 2','drink 33',5);
INSERT INTO Orders VALUES('person 90','2016-10-27','bar 2','drink 39',1);
INSERT INTO Orders VALUES('person 90','2016-10-03','bar 3','drink 43',2);
INSERT INTO Orders VALUES('person 90','2016-10-11','bar 1','drink 4',4);
INSERT INTO Orders VALUES('person 90','2016-10-11','bar 1','drink 6',6);
INSERT INTO Orders VALUES('person 90','2016-10-24','bar 10','drink 30',5);
INSERT INTO Orders VALUES('person 90','2016-10-16','bar 7','drink 28',1);
INSERT INTO Orders VALUES('person 90','2016-10-02','bar 3','drink 43',3);
INSERT INTO Orders VALUES('person 90','2016-10-02','bar 3','drink 46',1);
INSERT INTO Orders VALUES('person 90','2016-10-14','bar 15','drink 1',1);
INSERT INTO Orders VALUES('person 90','2016-10-23','bar 10','drink 27',3);
INSERT INTO Orders VALUES('person 90','2016-10-04','bar 20','drink 38',1);
INSERT INTO Orders VALUES('person 90','2016-10-04','bar 20','drink 39',2);
INSERT INTO Orders VALUES('person 90','2016-10-04','bar 20','drink 50',2);
INSERT INTO Orders VALUES('person 90','2016-10-07','bar 5','drink 38',3);
INSERT INTO Orders VALUES('person 90','2016-10-07','bar 5','drink 25',1);
INSERT INTO Orders VALUES('person 90','2016-10-07','bar 5','drink 16',2);
INSERT INTO Orders VALUES('person 91','2016-10-13','bar 4','drink 40',2);
INSERT INTO Orders VALUES('person 91','2016-10-02','bar 5','drink 38',1);
INSERT INTO Orders VALUES('person 91','2016-10-02','bar 5','drink 16',2);
INSERT INTO Orders VALUES('person 91','2016-10-19','bar 14','drink 37',1);
INSERT INTO Orders VALUES('person 91','2016-10-19','bar 14','drink 6',3);
INSERT INTO Orders VALUES('person 91','2016-10-15','bar 1','drink 40',1);
INSERT INTO Orders VALUES('person 91','2016-10-01','bar 4','drink 40',1);
INSERT INTO Orders VALUES('person 91','2016-10-05','bar 11','drink 38',3);
INSERT INTO Orders VALUES('person 91','2016-10-05','bar 11','drink 4',6);
INSERT INTO Orders VALUES('person 91','2016-10-29','bar 1','drink 4',3);
INSERT INTO Orders VALUES('person 91','2016-10-29','bar 1','drink 6',2);
INSERT INTO Orders VALUES('person 91','2016-10-07','bar 10','drink 12',1);
INSERT INTO Orders VALUES('person 91','2016-10-21','bar 20','drink 50',4);
INSERT INTO Orders VALUES('person 92','2016-10-05','bar 7','drink 28',4);
INSERT INTO Orders VALUES('person 92','2016-10-24','bar 9','drink 4',1);
INSERT INTO Orders VALUES('person 92','2016-10-24','bar 9','drink 34',1);
INSERT INTO Orders VALUES('person 92','2016-10-01','bar 7','drink 15',2);
INSERT INTO Orders VALUES('person 92','2016-10-01','bar 7','drink 28',6);
INSERT INTO Orders VALUES('person 94','2016-10-28','bar 14','drink 45',1);
INSERT INTO Orders VALUES('person 94','2016-10-19','bar 7','drink 14',1);
INSERT INTO Orders VALUES('person 94','2016-10-19','bar 7','drink 28',4);
INSERT INTO Orders VALUES('person 94','2016-10-14','bar 3','drink 13',1);
INSERT INTO Orders VALUES('person 94','2016-10-14','bar 3','drink 43',3);
INSERT INTO Orders VALUES('person 94','2016-10-14','bar 3','drink 46',5);
INSERT INTO Orders VALUES('person 94','2016-10-11','bar 6','drink 28',1);
INSERT INTO Orders VALUES('person 94','2016-10-06','bar 9','drink 4',5);
INSERT INTO Orders VALUES('person 94','2016-10-06','bar 9','drink 44',4);
INSERT INTO Orders VALUES('person 94','2016-10-06','bar 9','drink 34',4);
INSERT INTO Orders VALUES('person 94','2016-10-30','bar 20','drink 38',1);
INSERT INTO Orders VALUES('person 94','2016-10-30','bar 20','drink 39',3);
INSERT INTO Orders VALUES('person 94','2016-10-30','bar 20','drink 50',1);
INSERT INTO Orders VALUES('person 95','2016-10-13','bar 2','drink 32',2);
INSERT INTO Orders VALUES('person 95','2016-10-13','bar 2','drink 33',3);
INSERT INTO Orders VALUES('person 95','2016-10-13','bar 2','drink 39',3);
INSERT INTO Orders VALUES('person 95','2016-10-14','bar 13','drink 37',2);
INSERT INTO Orders VALUES('person 95','2016-10-14','bar 13','drink 32',1);
INSERT INTO Orders VALUES('person 96','2016-10-27','bar 2','drink 32',1);
INSERT INTO Orders VALUES('person 96','2016-10-27','bar 2','drink 33',3);
INSERT INTO Orders VALUES('person 96','2016-10-21','bar 17','drink 2',1);
INSERT INTO Orders VALUES('person 96','2016-10-31','bar 1','drink 40',4);
INSERT INTO Orders VALUES('person 96','2016-10-31','bar 1','drink 4',3);
INSERT INTO Orders VALUES('person 96','2016-10-30','bar 7','drink 14',7);
INSERT INTO Orders VALUES('person 96','2016-10-30','bar 7','drink 28',3);
INSERT INTO Orders VALUES('person 96','2016-10-15','bar 11','drink 38',1);
INSERT INTO Orders VALUES('person 96','2016-10-15','bar 11','drink 4',2);
INSERT INTO Orders VALUES('person 96','2016-10-04','bar 13','drink 10',2);
INSERT INTO Orders VALUES('person 96','2016-10-04','bar 13','drink 32',3);
INSERT INTO Orders VALUES('person 96','2016-10-19','bar 3','drink 13',3);
INSERT INTO Orders VALUES('person 96','2016-10-19','bar 3','drink 43',3);
INSERT INTO Orders VALUES('person 96','2016-10-19','bar 3','drink 46',2);
INSERT INTO Orders VALUES('person 96','2016-10-03','bar 19','drink 9',4);
INSERT INTO Orders VALUES('person 96','2016-10-03','bar 19','drink 42',2);
INSERT INTO Orders VALUES('person 96','2016-10-01','bar 2','drink 33',7);
INSERT INTO Orders VALUES('person 96','2016-10-01','bar 2','drink 39',1);
INSERT INTO Orders VALUES('person 96','2016-10-20','bar 8','drink 40',1);
INSERT INTO Orders VALUES('person 96','2016-10-20','bar 8','drink 21',3);
INSERT INTO Orders VALUES('person 96','2016-10-20','bar 8','drink 30',2);
INSERT INTO Orders VALUES('person 96','2016-10-18','bar 12','drink 37',2);
INSERT INTO Orders VALUES('person 96','2016-10-18','bar 12','drink 1',2);
INSERT INTO Orders VALUES('person 96','2016-10-18','bar 12','drink 34',1);
INSERT INTO Orders VALUES('person 96','2016-10-24','bar 8','drink 40',1);
INSERT INTO Orders VALUES('person 96','2016-10-24','bar 8','drink 21',1);
INSERT INTO Orders VALUES('person 96','2016-10-24','bar 8','drink 30',7);
INSERT INTO Orders VALUES('person 96','2016-10-25','bar 10','drink 12',1);
INSERT INTO Orders VALUES('person 96','2016-10-25','bar 10','drink 27',1);
INSERT INTO Orders VALUES('person 96','2016-10-25','bar 10','drink 30',2);
INSERT INTO Orders VALUES('person 96','2016-10-08','bar 1','drink 40',1);
INSERT INTO Orders VALUES('person 96','2016-10-08','bar 1','drink 4',1);
INSERT INTO Orders VALUES('person 96','2016-10-08','bar 1','drink 6',3);
INSERT INTO Orders VALUES('person 97','2016-10-05','bar 1','drink 6',3);
INSERT INTO Orders VALUES('person 98','2016-10-02','bar 7','drink 15',2);
INSERT INTO Orders VALUES('person 98','2016-10-02','bar 7','drink 14',1);
INSERT INTO Orders VALUES('person 98','2016-10-02','bar 7','drink 28',9);
INSERT INTO Orders VALUES('person 98','2016-10-18','bar 11','drink 38',5);
INSERT INTO Orders VALUES('person 99','2016-10-06','bar 11','drink 38',1);
INSERT INTO Orders VALUES('person 99','2016-10-06','bar 11','drink 42',1);
INSERT INTO Orders VALUES('person 99','2016-10-05','bar 19','drink 42',2);
INSERT INTO Orders VALUES('person 100','2016-10-17','bar 12','drink 37',2);
INSERT INTO Orders VALUES('person 100','2016-10-17','bar 12','drink 1',1);
INSERT INTO Orders VALUES('person 100','2016-10-17','bar 12','drink 34',2);
INSERT INTO Orders VALUES('person 100','2016-10-08','bar 2','drink 32',1);
INSERT INTO Orders VALUES('person 100','2016-10-08','bar 2','drink 33',7);
INSERT INTO Orders VALUES('person 100','2016-10-08','bar 2','drink 39',2);
INSERT INTO Orders VALUES('person 100','2016-10-11','bar 15','drink 10',1);
INSERT INTO Orders VALUES('person 100','2016-10-11','bar 15','drink 1',2);
COMMIT;
